task_id,variant,run_id,video,start,end,hoop_config,model,imgsz,confidence,rim_tracker_kind,rim_reseed_every,upward_trigger,history_frames,release_dist_px,approach_dist_px,cooldown_frames,possession_dist_px,occlusion_gap_frames,attempt_to_made_window,enter_zone_radius_factor,horizontal_pad_factor,min_downward_velocity,use_yoloe,use_pose,sam3_cache
0,baseline,0,1v1-mk.mov,64.41,127.61,experiments/demo/hoop_configs/1v1-mk.json,yolov8l.pt,640,0.3,flow,90,-10.0,6,60.0,260.0,20,140.0,15,120,2.5,2.0,1.0,0,0,
1,baseline,1,1v1-mk.mov,136.48,194.7,experiments/demo/hoop_configs/1v1-mk.json,yolov8l.pt,640,0.3,flow,90,-10.0,6,60.0,260.0,20,140.0,15,120,2.5,2.0,1.0,0,0,
2,baseline,2,1v1-mk.mov,279.04,343.25,experiments/demo/hoop_configs/1v1-mk.json,yolov8l.pt,640,0.3,flow,90,-10.0,6,60.0,260.0,20,140.0,15,120,2.5,2.0,1.0,0,0,
3,baseline,3,1v1-mk.mov,361.66,407.2,experiments/demo/hoop_configs/1v1-mk.json,yolov8l.pt,640,0.3,flow,90,-10.0,6,60.0,260.0,20,140.0,15,120,2.5,2.0,1.0,0,0,
4,baseline,4,1v1-mk.mov,426.44,478.4,experiments/demo/hoop_configs/1v1-mk.json,yolov8l.pt,640,0.3,flow,90,-10.0,6,60.0,260.0,20,140.0,15,120,2.5,2.0,1.0,0,0,
5,baseline,5,1v1-mk.mov,496.77,555.88,experiments/demo/hoop_configs/1v1-mk.json,yolov8l.pt,640,0.3,flow,90,-10.0,6,60.0,260.0,20,140.0,15,120,2.5,2.0,1.0,0,0,
6,baseline,6,1v1-mk.mov,561.86,612.31,experiments/demo/hoop_configs/1v1-mk.json,yolov8l.pt,640,0.3,flow,90,-10.0,6,60.0,260.0,20,140.0,15,120,2.5,2.0,1.0,0,0,
7,baseline,7,1v1-mk.mov,612.64,672.96,experiments/demo/hoop_configs/1v1-mk.json,yolov8l.pt,640,0.3,flow,90,-10.0,6,60.0,260.0,20,140.0,15,120,2.5,2.0,1.0,0,0,
8,baseline,8,1v1-mk.mov,698.75,754.19,experiments/demo/hoop_configs/1v1-mk.json,yolov8l.pt,640,0.3,flow,90,-10.0,6,60.0,260.0,20,140.0,15,120,2.5,2.0,1.0,0,0,
9,baseline,9,1v1-mk.mov,804.37,866.3,experiments/demo/hoop_configs/1v1-mk.json,yolov8l.pt,640,0.3,flow,90,-10.0,6,60.0,260.0,20,140.0,15,120,2.5,2.0,1.0,0,0,
10,baseline,10,1v1-ddg.mp4,193.28,254.49,experiments/demo/hoop_configs/1v1-ddg.json,yolov8l.pt,640,0.3,flow,90,-10.0,6,60.0,260.0,20,140.0,15,120,2.5,2.0,1.0,0,0,
11,baseline,11,1v1-ddg.mp4,271.46,334.98,experiments/demo/hoop_configs/1v1-ddg.json,yolov8l.pt,640,0.3,flow,90,-10.0,6,60.0,260.0,20,140.0,15,120,2.5,2.0,1.0,0,0,
12,baseline,12,1v1-ddg.mp4,378.26,428.29,experiments/demo/hoop_configs/1v1-ddg.json,yolov8l.pt,640,0.3,flow,90,-10.0,6,60.0,260.0,20,140.0,15,120,2.5,2.0,1.0,0,0,
13,baseline,13,1v1-ddg.mp4,459.31,512.14,experiments/demo/hoop_configs/1v1-ddg.json,yolov8l.pt,640,0.3,flow,90,-10.0,6,60.0,260.0,20,140.0,15,120,2.5,2.0,1.0,0,0,
14,baseline,14,1v1-ddg.mp4,1074.59,1136.43,experiments/demo/hoop_configs/1v1-ddg.json,yolov8l.pt,640,0.3,flow,90,-10.0,6,60.0,260.0,20,140.0,15,120,2.5,2.0,1.0,0,0,
15,baseline,15,1v1-ddg.mp4,1169.32,1233.51,experiments/demo/hoop_configs/1v1-ddg.json,yolov8l.pt,640,0.3,flow,90,-10.0,6,60.0,260.0,20,140.0,15,120,2.5,2.0,1.0,0,0,
16,baseline,16,1v1-ddg.mp4,1347.79,1404.08,experiments/demo/hoop_configs/1v1-ddg.json,yolov8l.pt,640,0.3,flow,90,-10.0,6,60.0,260.0,20,140.0,15,120,2.5,2.0,1.0,0,0,
17,baseline,17,1v1-ddg.mp4,1432.92,1485.98,experiments/demo/hoop_configs/1v1-ddg.json,yolov8l.pt,640,0.3,flow,90,-10.0,6,60.0,260.0,20,140.0,15,120,2.5,2.0,1.0,0,0,
18,baseline,18,1v1-ddg.mp4,1621.66,1682.08,experiments/demo/hoop_configs/1v1-ddg.json,yolov8l.pt,640,0.3,flow,90,-10.0,6,60.0,260.0,20,140.0,15,120,2.5,2.0,1.0,0,0,
19,baseline,19,1v1-ddg.mp4,1768.02,1829.12,experiments/demo/hoop_configs/1v1-ddg.json,yolov8l.pt,640,0.3,flow,90,-10.0,6,60.0,260.0,20,140.0,15,120,2.5,2.0,1.0,0,0,
20,baseline,20,1v1-jason.mp4,125.49,171.99,experiments/demo/hoop_configs/1v1-jason.json,yolov8l.pt,640,0.3,flow,90,-10.0,6,60.0,260.0,20,140.0,15,120,2.5,2.0,1.0,0,0,
21,baseline,21,1v1-jason.mp4,181.42,242.17,experiments/demo/hoop_configs/1v1-jason.json,yolov8l.pt,640,0.3,flow,90,-10.0,6,60.0,260.0,20,140.0,15,120,2.5,2.0,1.0,0,0,
22,baseline,22,1v1-jason.mp4,259.53,317.26,experiments/demo/hoop_configs/1v1-jason.json,yolov8l.pt,640,0.3,flow,90,-10.0,6,60.0,260.0,20,140.0,15,120,2.5,2.0,1.0,0,0,
23,baseline,23,1v1-jason.mp4,341.43,392.87,experiments/demo/hoop_configs/1v1-jason.json,yolov8l.pt,640,0.3,flow,90,-10.0,6,60.0,260.0,20,140.0,15,120,2.5,2.0,1.0,0,0,
24,baseline,24,1v1-jason.mp4,399.03,457.18,experiments/demo/hoop_configs/1v1-jason.json,yolov8l.pt,640,0.3,flow,90,-10.0,6,60.0,260.0,20,140.0,15,120,2.5,2.0,1.0,0,0,
25,baseline,25,1v1-jason.mp4,470.02,529.52,experiments/demo/hoop_configs/1v1-jason.json,yolov8l.pt,640,0.3,flow,90,-10.0,6,60.0,260.0,20,140.0,15,120,2.5,2.0,1.0,0,0,
26,baseline,26,1v1-jason.mp4,539.57,599.46,experiments/demo/hoop_configs/1v1-jason.json,yolov8l.pt,640,0.3,flow,90,-10.0,6,60.0,260.0,20,140.0,15,120,2.5,2.0,1.0,0,0,
27,baseline,27,1v1-jason.mp4,696.49,761.45,experiments/demo/hoop_configs/1v1-jason.json,yolov8l.pt,640,0.3,flow,90,-10.0,6,60.0,260.0,20,140.0,15,120,2.5,2.0,1.0,0,0,
28,baseline,28,1v1-jason.mp4,825.33,878.78,experiments/demo/hoop_configs/1v1-jason.json,yolov8l.pt,640,0.3,flow,90,-10.0,6,60.0,260.0,20,140.0,15,120,2.5,2.0,1.0,0,0,
29,baseline,29,1v1-jason.mp4,888.98,942.88,experiments/demo/hoop_configs/1v1-jason.json,yolov8l.pt,640,0.3,flow,90,-10.0,6,60.0,260.0,20,140.0,15,120,2.5,2.0,1.0,0,0,
30,baseline,30,1v1-nasir.mp4,632.83,683.61,experiments/demo/hoop_configs/1v1-nasir.json,yolov8l.pt,640,0.3,flow,90,-10.0,6,60.0,260.0,20,140.0,15,120,2.5,2.0,1.0,0,0,
31,baseline,31,1v1-nasir.mp4,939.13,994.69,experiments/demo/hoop_configs/1v1-nasir.json,yolov8l.pt,640,0.3,flow,90,-10.0,6,60.0,260.0,20,140.0,15,120,2.5,2.0,1.0,0,0,
32,baseline,32,1v1-nasir.mp4,1041.22,1092.1,experiments/demo/hoop_configs/1v1-nasir.json,yolov8l.pt,640,0.3,flow,90,-10.0,6,60.0,260.0,20,140.0,15,120,2.5,2.0,1.0,0,0,
33,baseline,33,1v1-nasir.mp4,1251.57,1299.86,experiments/demo/hoop_configs/1v1-nasir.json,yolov8l.pt,640,0.3,flow,90,-10.0,6,60.0,260.0,20,140.0,15,120,2.5,2.0,1.0,0,0,
34,baseline,34,1v1-nasir.mp4,1303.36,1351.45,experiments/demo/hoop_configs/1v1-nasir.json,yolov8l.pt,640,0.3,flow,90,-10.0,6,60.0,260.0,20,140.0,15,120,2.5,2.0,1.0,0,0,
35,baseline,35,1v1-nasir.mp4,1421.92,1475.07,experiments/demo/hoop_configs/1v1-nasir.json,yolov8l.pt,640,0.3,flow,90,-10.0,6,60.0,260.0,20,140.0,15,120,2.5,2.0,1.0,0,0,
36,baseline,36,1v1-nasir.mp4,1625.59,1673.96,experiments/demo/hoop_configs/1v1-nasir.json,yolov8l.pt,640,0.3,flow,90,-10.0,6,60.0,260.0,20,140.0,15,120,2.5,2.0,1.0,0,0,
37,baseline,37,1v1-nasir.mp4,1722.81,1778.28,experiments/demo/hoop_configs/1v1-nasir.json,yolov8l.pt,640,0.3,flow,90,-10.0,6,60.0,260.0,20,140.0,15,120,2.5,2.0,1.0,0,0,
38,baseline,38,1v1-nasir.mp4,1816.87,1868.21,experiments/demo/hoop_configs/1v1-nasir.json,yolov8l.pt,640,0.3,flow,90,-10.0,6,60.0,260.0,20,140.0,15,120,2.5,2.0,1.0,0,0,
39,baseline,39,1v1-nasir.mp4,2130.39,2193.01,experiments/demo/hoop_configs/1v1-nasir.json,yolov8l.pt,640,0.3,flow,90,-10.0,6,60.0,260.0,20,140.0,15,120,2.5,2.0,1.0,0,0,
40,baseline,40,1v1-roy.mp4,45.33,109.9,experiments/demo/hoop_configs/1v1-roy.json,yolov8l.pt,640,0.3,flow,90,-10.0,6,60.0,260.0,20,140.0,15,120,2.5,2.0,1.0,0,0,
41,baseline,41,1v1-roy.mp4,123.19,168.33,experiments/demo/hoop_configs/1v1-roy.json,yolov8l.pt,640,0.3,flow,90,-10.0,6,60.0,260.0,20,140.0,15,120,2.5,2.0,1.0,0,0,
42,baseline,42,1v1-roy.mp4,168.77,218.78,experiments/demo/hoop_configs/1v1-roy.json,yolov8l.pt,640,0.3,flow,90,-10.0,6,60.0,260.0,20,140.0,15,120,2.5,2.0,1.0,0,0,
43,baseline,43,1v1-roy.mp4,219.81,265.59,experiments/demo/hoop_configs/1v1-roy.json,yolov8l.pt,640,0.3,flow,90,-10.0,6,60.0,260.0,20,140.0,15,120,2.5,2.0,1.0,0,0,
44,baseline,44,1v1-roy.mp4,270.11,316.57,experiments/demo/hoop_configs/1v1-roy.json,yolov8l.pt,640,0.3,flow,90,-10.0,6,60.0,260.0,20,140.0,15,120,2.5,2.0,1.0,0,0,
45,baseline,45,1v1-roy.mp4,327.93,382.78,experiments/demo/hoop_configs/1v1-roy.json,yolov8l.pt,640,0.3,flow,90,-10.0,6,60.0,260.0,20,140.0,15,120,2.5,2.0,1.0,0,0,
46,baseline,46,1v1-roy.mp4,425.6,471.3,experiments/demo/hoop_configs/1v1-roy.json,yolov8l.pt,640,0.3,flow,90,-10.0,6,60.0,260.0,20,140.0,15,120,2.5,2.0,1.0,0,0,
47,baseline,47,1v1-roy.mp4,530.08,594.36,experiments/demo/hoop_configs/1v1-roy.json,yolov8l.pt,640,0.3,flow,90,-10.0,6,60.0,260.0,20,140.0,15,120,2.5,2.0,1.0,0,0,
48,baseline,48,1v1-roy.mp4,609.65,664.37,experiments/demo/hoop_configs/1v1-roy.json,yolov8l.pt,640,0.3,flow,90,-10.0,6,60.0,260.0,20,140.0,15,120,2.5,2.0,1.0,0,0,
49,baseline,49,1v1-roy.mp4,668.31,716.72,experiments/demo/hoop_configs/1v1-roy.json,yolov8l.pt,640,0.3,flow,90,-10.0,6,60.0,260.0,20,140.0,15,120,2.5,2.0,1.0,0,0,
50,plus_yoloe,0,1v1-mk.mov,64.41,127.61,experiments/demo/hoop_configs/1v1-mk.json,yolov8l.pt,640,0.3,flow,90,-10.0,6,60.0,260.0,20,140.0,15,120,2.5,2.0,1.0,1,0,
51,plus_yoloe,1,1v1-mk.mov,136.48,194.7,experiments/demo/hoop_configs/1v1-mk.json,yolov8l.pt,640,0.3,flow,90,-10.0,6,60.0,260.0,20,140.0,15,120,2.5,2.0,1.0,1,0,
52,plus_yoloe,2,1v1-mk.mov,279.04,343.25,experiments/demo/hoop_configs/1v1-mk.json,yolov8l.pt,640,0.3,flow,90,-10.0,6,60.0,260.0,20,140.0,15,120,2.5,2.0,1.0,1,0,
53,plus_yoloe,3,1v1-mk.mov,361.66,407.2,experiments/demo/hoop_configs/1v1-mk.json,yolov8l.pt,640,0.3,flow,90,-10.0,6,60.0,260.0,20,140.0,15,120,2.5,2.0,1.0,1,0,
54,plus_yoloe,4,1v1-mk.mov,426.44,478.4,experiments/demo/hoop_configs/1v1-mk.json,yolov8l.pt,640,0.3,flow,90,-10.0,6,60.0,260.0,20,140.0,15,120,2.5,2.0,1.0,1,0,
55,plus_yoloe,5,1v1-mk.mov,496.77,555.88,experiments/demo/hoop_configs/1v1-mk.json,yolov8l.pt,640,0.3,flow,90,-10.0,6,60.0,260.0,20,140.0,15,120,2.5,2.0,1.0,1,0,
56,plus_yoloe,6,1v1-mk.mov,561.86,612.31,experiments/demo/hoop_configs/1v1-mk.json,yolov8l.pt,640,0.3,flow,90,-10.0,6,60.0,260.0,20,140.0,15,120,2.5,2.0,1.0,1,0,
57,plus_yoloe,7,1v1-mk.mov,612.64,672.96,experiments/demo/hoop_configs/1v1-mk.json,yolov8l.pt,640,0.3,flow,90,-10.0,6,60.0,260.0,20,140.0,15,120,2.5,2.0,1.0,1,0,
58,plus_yoloe,8,1v1-mk.mov,698.75,754.19,experiments/demo/hoop_configs/1v1-mk.json,yolov8l.pt,640,0.3,flow,90,-10.0,6,60.0,260.0,20,140.0,15,120,2.5,2.0,1.0,1,0,
59,plus_yoloe,9,1v1-mk.mov,804.37,866.3,experiments/demo/hoop_configs/1v1-mk.json,yolov8l.pt,640,0.3,flow,90,-10.0,6,60.0,260.0,20,140.0,15,120,2.5,2.0,1.0,1,0,
60,plus_yoloe,10,1v1-ddg.mp4,193.28,254.49,experiments/demo/hoop_configs/1v1-ddg.json,yolov8l.pt,640,0.3,flow,90,-10.0,6,60.0,260.0,20,140.0,15,120,2.5,2.0,1.0,1,0,
61,plus_yoloe,11,1v1-ddg.mp4,271.46,334.98,experiments/demo/hoop_configs/1v1-ddg.json,yolov8l.pt,640,0.3,flow,90,-10.0,6,60.0,260.0,20,140.0,15,120,2.5,2.0,1.0,1,0,
62,plus_yoloe,12,1v1-ddg.mp4,378.26,428.29,experiments/demo/hoop_configs/1v1-ddg.json,yolov8l.pt,640,0.3,flow,90,-10.0,6,60.0,260.0,20,140.0,15,120,2.5,2.0,1.0,1,0,
63,plus_yoloe,13,1v1-ddg.mp4,459.31,512.14,experiments/demo/hoop_configs/1v1-ddg.json,yolov8l.pt,640,0.3,flow,90,-10.0,6,60.0,260.0,20,140.0,15,120,2.5,2.0,1.0,1,0,
64,plus_yoloe,14,1v1-ddg.mp4,1074.59,1136.43,experiments/demo/hoop_configs/1v1-ddg.json,yolov8l.pt,640,0.3,flow,90,-10.0,6,60.0,260.0,20,140.0,15,120,2.5,2.0,1.0,1,0,
65,plus_yoloe,15,1v1-ddg.mp4,1169.32,1233.51,experiments/demo/hoop_configs/1v1-ddg.json,yolov8l.pt,640,0.3,flow,90,-10.0,6,60.0,260.0,20,140.0,15,120,2.5,2.0,1.0,1,0,
66,plus_yoloe,16,1v1-ddg.mp4,1347.79,1404.08,experiments/demo/hoop_configs/1v1-ddg.json,yolov8l.pt,640,0.3,flow,90,-10.0,6,60.0,260.0,20,140.0,15,120,2.5,2.0,1.0,1,0,
67,plus_yoloe,17,1v1-ddg.mp4,1432.92,1485.98,experiments/demo/hoop_configs/1v1-ddg.json,yolov8l.pt,640,0.3,flow,90,-10.0,6,60.0,260.0,20,140.0,15,120,2.5,2.0,1.0,1,0,
68,plus_yoloe,18,1v1-ddg.mp4,1621.66,1682.08,experiments/demo/hoop_configs/1v1-ddg.json,yolov8l.pt,640,0.3,flow,90,-10.0,6,60.0,260.0,20,140.0,15,120,2.5,2.0,1.0,1,0,
69,plus_yoloe,19,1v1-ddg.mp4,1768.02,1829.12,experiments/demo/hoop_configs/1v1-ddg.json,yolov8l.pt,640,0.3,flow,90,-10.0,6,60.0,260.0,20,140.0,15,120,2.5,2.0,1.0,1,0,
70,plus_yoloe,20,1v1-jason.mp4,125.49,171.99,experiments/demo/hoop_configs/1v1-jason.json,yolov8l.pt,640,0.3,flow,90,-10.0,6,60.0,260.0,20,140.0,15,120,2.5,2.0,1.0,1,0,
71,plus_yoloe,21,1v1-jason.mp4,181.42,242.17,experiments/demo/hoop_configs/1v1-jason.json,yolov8l.pt,640,0.3,flow,90,-10.0,6,60.0,260.0,20,140.0,15,120,2.5,2.0,1.0,1,0,
72,plus_yoloe,22,1v1-jason.mp4,259.53,317.26,experiments/demo/hoop_configs/1v1-jason.json,yolov8l.pt,640,0.3,flow,90,-10.0,6,60.0,260.0,20,140.0,15,120,2.5,2.0,1.0,1,0,
73,plus_yoloe,23,1v1-jason.mp4,341.43,392.87,experiments/demo/hoop_configs/1v1-jason.json,yolov8l.pt,640,0.3,flow,90,-10.0,6,60.0,260.0,20,140.0,15,120,2.5,2.0,1.0,1,0,
74,plus_yoloe,24,1v1-jason.mp4,399.03,457.18,experiments/demo/hoop_configs/1v1-jason.json,yolov8l.pt,640,0.3,flow,90,-10.0,6,60.0,260.0,20,140.0,15,120,2.5,2.0,1.0,1,0,
75,plus_yoloe,25,1v1-jason.mp4,470.02,529.52,experiments/demo/hoop_configs/1v1-jason.json,yolov8l.pt,640,0.3,flow,90,-10.0,6,60.0,260.0,20,140.0,15,120,2.5,2.0,1.0,1,0,
76,plus_yoloe,26,1v1-jason.mp4,539.57,599.46,experiments/demo/hoop_configs/1v1-jason.json,yolov8l.pt,640,0.3,flow,90,-10.0,6,60.0,260.0,20,140.0,15,120,2.5,2.0,1.0,1,0,
77,plus_yoloe,27,1v1-jason.mp4,696.49,761.45,experiments/demo/hoop_configs/1v1-jason.json,yolov8l.pt,640,0.3,flow,90,-10.0,6,60.0,260.0,20,140.0,15,120,2.5,2.0,1.0,1,0,
78,plus_yoloe,28,1v1-jason.mp4,825.33,878.78,experiments/demo/hoop_configs/1v1-jason.json,yolov8l.pt,640,0.3,flow,90,-10.0,6,60.0,260.0,20,140.0,15,120,2.5,2.0,1.0,1,0,
79,plus_yoloe,29,1v1-jason.mp4,888.98,942.88,experiments/demo/hoop_configs/1v1-jason.json,yolov8l.pt,640,0.3,flow,90,-10.0,6,60.0,260.0,20,140.0,15,120,2.5,2.0,1.0,1,0,
80,plus_yoloe,30,1v1-nasir.mp4,632.83,683.61,experiments/demo/hoop_configs/1v1-nasir.json,yolov8l.pt,640,0.3,flow,90,-10.0,6,60.0,260.0,20,140.0,15,120,2.5,2.0,1.0,1,0,
81,plus_yoloe,31,1v1-nasir.mp4,939.13,994.69,experiments/demo/hoop_configs/1v1-nasir.json,yolov8l.pt,640,0.3,flow,90,-10.0,6,60.0,260.0,20,140.0,15,120,2.5,2.0,1.0,1,0,
82,plus_yoloe,32,1v1-nasir.mp4,1041.22,1092.1,experiments/demo/hoop_configs/1v1-nasir.json,yolov8l.pt,640,0.3,flow,90,-10.0,6,60.0,260.0,20,140.0,15,120,2.5,2.0,1.0,1,0,
83,plus_yoloe,33,1v1-nasir.mp4,1251.57,1299.86,experiments/demo/hoop_configs/1v1-nasir.json,yolov8l.pt,640,0.3,flow,90,-10.0,6,60.0,260.0,20,140.0,15,120,2.5,2.0,1.0,1,0,
84,plus_yoloe,34,1v1-nasir.mp4,1303.36,1351.45,experiments/demo/hoop_configs/1v1-nasir.json,yolov8l.pt,640,0.3,flow,90,-10.0,6,60.0,260.0,20,140.0,15,120,2.5,2.0,1.0,1,0,
85,plus_yoloe,35,1v1-nasir.mp4,1421.92,1475.07,experiments/demo/hoop_configs/1v1-nasir.json,yolov8l.pt,640,0.3,flow,90,-10.0,6,60.0,260.0,20,140.0,15,120,2.5,2.0,1.0,1,0,
86,plus_yoloe,36,1v1-nasir.mp4,1625.59,1673.96,experiments/demo/hoop_configs/1v1-nasir.json,yolov8l.pt,640,0.3,flow,90,-10.0,6,60.0,260.0,20,140.0,15,120,2.5,2.0,1.0,1,0,
87,plus_yoloe,37,1v1-nasir.mp4,1722.81,1778.28,experiments/demo/hoop_configs/1v1-nasir.json,yolov8l.pt,640,0.3,flow,90,-10.0,6,60.0,260.0,20,140.0,15,120,2.5,2.0,1.0,1,0,
88,plus_yoloe,38,1v1-nasir.mp4,1816.87,1868.21,experiments/demo/hoop_configs/1v1-nasir.json,yolov8l.pt,640,0.3,flow,90,-10.0,6,60.0,260.0,20,140.0,15,120,2.5,2.0,1.0,1,0,
89,plus_yoloe,39,1v1-nasir.mp4,2130.39,2193.01,experiments/demo/hoop_configs/1v1-nasir.json,yolov8l.pt,640,0.3,flow,90,-10.0,6,60.0,260.0,20,140.0,15,120,2.5,2.0,1.0,1,0,
90,plus_yoloe,40,1v1-roy.mp4,45.33,109.9,experiments/demo/hoop_configs/1v1-roy.json,yolov8l.pt,640,0.3,flow,90,-10.0,6,60.0,260.0,20,140.0,15,120,2.5,2.0,1.0,1,0,
91,plus_yoloe,41,1v1-roy.mp4,123.19,168.33,experiments/demo/hoop_configs/1v1-roy.json,yolov8l.pt,640,0.3,flow,90,-10.0,6,60.0,260.0,20,140.0,15,120,2.5,2.0,1.0,1,0,
92,plus_yoloe,42,1v1-roy.mp4,168.77,218.78,experiments/demo/hoop_configs/1v1-roy.json,yolov8l.pt,640,0.3,flow,90,-10.0,6,60.0,260.0,20,140.0,15,120,2.5,2.0,1.0,1,0,
93,plus_yoloe,43,1v1-roy.mp4,219.81,265.59,experiments/demo/hoop_configs/1v1-roy.json,yolov8l.pt,640,0.3,flow,90,-10.0,6,60.0,260.0,20,140.0,15,120,2.5,2.0,1.0,1,0,
94,plus_yoloe,44,1v1-roy.mp4,270.11,316.57,experiments/demo/hoop_configs/1v1-roy.json,yolov8l.pt,640,0.3,flow,90,-10.0,6,60.0,260.0,20,140.0,15,120,2.5,2.0,1.0,1,0,
95,plus_yoloe,45,1v1-roy.mp4,327.93,382.78,experiments/demo/hoop_configs/1v1-roy.json,yolov8l.pt,640,0.3,flow,90,-10.0,6,60.0,260.0,20,140.0,15,120,2.5,2.0,1.0,1,0,
96,plus_yoloe,46,1v1-roy.mp4,425.6,471.3,experiments/demo/hoop_configs/1v1-roy.json,yolov8l.pt,640,0.3,flow,90,-10.0,6,60.0,260.0,20,140.0,15,120,2.5,2.0,1.0,1,0,
97,plus_yoloe,47,1v1-roy.mp4,530.08,594.36,experiments/demo/hoop_configs/1v1-roy.json,yolov8l.pt,640,0.3,flow,90,-10.0,6,60.0,260.0,20,140.0,15,120,2.5,2.0,1.0,1,0,
98,plus_yoloe,48,1v1-roy.mp4,609.65,664.37,experiments/demo/hoop_configs/1v1-roy.json,yolov8l.pt,640,0.3,flow,90,-10.0,6,60.0,260.0,20,140.0,15,120,2.5,2.0,1.0,1,0,
99,plus_yoloe,49,1v1-roy.mp4,668.31,716.72,experiments/demo/hoop_configs/1v1-roy.json,yolov8l.pt,640,0.3,flow,90,-10.0,6,60.0,260.0,20,140.0,15,120,2.5,2.0,1.0,1,0,
100,plus_pose,0,1v1-mk.mov,64.41,127.61,experiments/demo/hoop_configs/1v1-mk.json,yolov8l.pt,640,0.3,flow,90,-10.0,6,60.0,260.0,20,140.0,15,120,2.5,2.0,1.0,0,1,
101,plus_pose,1,1v1-mk.mov,136.48,194.7,experiments/demo/hoop_configs/1v1-mk.json,yolov8l.pt,640,0.3,flow,90,-10.0,6,60.0,260.0,20,140.0,15,120,2.5,2.0,1.0,0,1,
102,plus_pose,2,1v1-mk.mov,279.04,343.25,experiments/demo/hoop_configs/1v1-mk.json,yolov8l.pt,640,0.3,flow,90,-10.0,6,60.0,260.0,20,140.0,15,120,2.5,2.0,1.0,0,1,
103,plus_pose,3,1v1-mk.mov,361.66,407.2,experiments/demo/hoop_configs/1v1-mk.json,yolov8l.pt,640,0.3,flow,90,-10.0,6,60.0,260.0,20,140.0,15,120,2.5,2.0,1.0,0,1,
104,plus_pose,4,1v1-mk.mov,426.44,478.4,experiments/demo/hoop_configs/1v1-mk.json,yolov8l.pt,640,0.3,flow,90,-10.0,6,60.0,260.0,20,140.0,15,120,2.5,2.0,1.0,0,1,
105,plus_pose,5,1v1-mk.mov,496.77,555.88,experiments/demo/hoop_configs/1v1-mk.json,yolov8l.pt,640,0.3,flow,90,-10.0,6,60.0,260.0,20,140.0,15,120,2.5,2.0,1.0,0,1,
106,plus_pose,6,1v1-mk.mov,561.86,612.31,experiments/demo/hoop_configs/1v1-mk.json,yolov8l.pt,640,0.3,flow,90,-10.0,6,60.0,260.0,20,140.0,15,120,2.5,2.0,1.0,0,1,
107,plus_pose,7,1v1-mk.mov,612.64,672.96,experiments/demo/hoop_configs/1v1-mk.json,yolov8l.pt,640,0.3,flow,90,-10.0,6,60.0,260.0,20,140.0,15,120,2.5,2.0,1.0,0,1,
108,plus_pose,8,1v1-mk.mov,698.75,754.19,experiments/demo/hoop_configs/1v1-mk.json,yolov8l.pt,640,0.3,flow,90,-10.0,6,60.0,260.0,20,140.0,15,120,2.5,2.0,1.0,0,1,
109,plus_pose,9,1v1-mk.mov,804.37,866.3,experiments/demo/hoop_configs/1v1-mk.json,yolov8l.pt,640,0.3,flow,90,-10.0,6,60.0,260.0,20,140.0,15,120,2.5,2.0,1.0,0,1,
110,plus_pose,10,1v1-ddg.mp4,193.28,254.49,experiments/demo/hoop_configs/1v1-ddg.json,yolov8l.pt,640,0.3,flow,90,-10.0,6,60.0,260.0,20,140.0,15,120,2.5,2.0,1.0,0,1,
111,plus_pose,11,1v1-ddg.mp4,271.46,334.98,experiments/demo/hoop_configs/1v1-ddg.json,yolov8l.pt,640,0.3,flow,90,-10.0,6,60.0,260.0,20,140.0,15,120,2.5,2.0,1.0,0,1,
112,plus_pose,12,1v1-ddg.mp4,378.26,428.29,experiments/demo/hoop_configs/1v1-ddg.json,yolov8l.pt,640,0.3,flow,90,-10.0,6,60.0,260.0,20,140.0,15,120,2.5,2.0,1.0,0,1,
113,plus_pose,13,1v1-ddg.mp4,459.31,512.14,experiments/demo/hoop_configs/1v1-ddg.json,yolov8l.pt,640,0.3,flow,90,-10.0,6,60.0,260.0,20,140.0,15,120,2.5,2.0,1.0,0,1,
114,plus_pose,14,1v1-ddg.mp4,1074.59,1136.43,experiments/demo/hoop_configs/1v1-ddg.json,yolov8l.pt,640,0.3,flow,90,-10.0,6,60.0,260.0,20,140.0,15,120,2.5,2.0,1.0,0,1,
115,plus_pose,15,1v1-ddg.mp4,1169.32,1233.51,experiments/demo/hoop_configs/1v1-ddg.json,yolov8l.pt,640,0.3,flow,90,-10.0,6,60.0,260.0,20,140.0,15,120,2.5,2.0,1.0,0,1,
116,plus_pose,16,1v1-ddg.mp4,1347.79,1404.08,experiments/demo/hoop_configs/1v1-ddg.json,yolov8l.pt,640,0.3,flow,90,-10.0,6,60.0,260.0,20,140.0,15,120,2.5,2.0,1.0,0,1,
117,plus_pose,17,1v1-ddg.mp4,1432.92,1485.98,experiments/demo/hoop_configs/1v1-ddg.json,yolov8l.pt,640,0.3,flow,90,-10.0,6,60.0,260.0,20,140.0,15,120,2.5,2.0,1.0,0,1,
118,plus_pose,18,1v1-ddg.mp4,1621.66,1682.08,experiments/demo/hoop_configs/1v1-ddg.json,yolov8l.pt,640,0.3,flow,90,-10.0,6,60.0,260.0,20,140.0,15,120,2.5,2.0,1.0,0,1,
119,plus_pose,19,1v1-ddg.mp4,1768.02,1829.12,experiments/demo/hoop_configs/1v1-ddg.json,yolov8l.pt,640,0.3,flow,90,-10.0,6,60.0,260.0,20,140.0,15,120,2.5,2.0,1.0,0,1,
120,plus_pose,20,1v1-jason.mp4,125.49,171.99,experiments/demo/hoop_configs/1v1-jason.json,yolov8l.pt,640,0.3,flow,90,-10.0,6,60.0,260.0,20,140.0,15,120,2.5,2.0,1.0,0,1,
121,plus_pose,21,1v1-jason.mp4,181.42,242.17,experiments/demo/hoop_configs/1v1-jason.json,yolov8l.pt,640,0.3,flow,90,-10.0,6,60.0,260.0,20,140.0,15,120,2.5,2.0,1.0,0,1,
122,plus_pose,22,1v1-jason.mp4,259.53,317.26,experiments/demo/hoop_configs/1v1-jason.json,yolov8l.pt,640,0.3,flow,90,-10.0,6,60.0,260.0,20,140.0,15,120,2.5,2.0,1.0,0,1,
123,plus_pose,23,1v1-jason.mp4,341.43,392.87,experiments/demo/hoop_configs/1v1-jason.json,yolov8l.pt,640,0.3,flow,90,-10.0,6,60.0,260.0,20,140.0,15,120,2.5,2.0,1.0,0,1,
124,plus_pose,24,1v1-jason.mp4,399.03,457.18,experiments/demo/hoop_configs/1v1-jason.json,yolov8l.pt,640,0.3,flow,90,-10.0,6,60.0,260.0,20,140.0,15,120,2.5,2.0,1.0,0,1,
125,plus_pose,25,1v1-jason.mp4,470.02,529.52,experiments/demo/hoop_configs/1v1-jason.json,yolov8l.pt,640,0.3,flow,90,-10.0,6,60.0,260.0,20,140.0,15,120,2.5,2.0,1.0,0,1,
126,plus_pose,26,1v1-jason.mp4,539.57,599.46,experiments/demo/hoop_configs/1v1-jason.json,yolov8l.pt,640,0.3,flow,90,-10.0,6,60.0,260.0,20,140.0,15,120,2.5,2.0,1.0,0,1,
127,plus_pose,27,1v1-jason.mp4,696.49,761.45,experiments/demo/hoop_configs/1v1-jason.json,yolov8l.pt,640,0.3,flow,90,-10.0,6,60.0,260.0,20,140.0,15,120,2.5,2.0,1.0,0,1,
128,plus_pose,28,1v1-jason.mp4,825.33,878.78,experiments/demo/hoop_configs/1v1-jason.json,yolov8l.pt,640,0.3,flow,90,-10.0,6,60.0,260.0,20,140.0,15,120,2.5,2.0,1.0,0,1,
129,plus_pose,29,1v1-jason.mp4,888.98,942.88,experiments/demo/hoop_configs/1v1-jason.json,yolov8l.pt,640,0.3,flow,90,-10.0,6,60.0,260.0,20,140.0,15,120,2.5,2.0,1.0,0,1,
130,plus_pose,30,1v1-nasir.mp4,632.83,683.61,experiments/demo/hoop_configs/1v1-nasir.json,yolov8l.pt,640,0.3,flow,90,-10.0,6,60.0,260.0,20,140.0,15,120,2.5,2.0,1.0,0,1,
131,plus_pose,31,1v1-nasir.mp4,939.13,994.69,experiments/demo/hoop_configs/1v1-nasir.json,yolov8l.pt,640,0.3,flow,90,-10.0,6,60.0,260.0,20,140.0,15,120,2.5,2.0,1.0,0,1,
132,plus_pose,32,1v1-nasir.mp4,1041.22,1092.1,experiments/demo/hoop_configs/1v1-nasir.json,yolov8l.pt,640,0.3,flow,90,-10.0,6,60.0,260.0,20,140.0,15,120,2.5,2.0,1.0,0,1,
133,plus_pose,33,1v1-nasir.mp4,1251.57,1299.86,experiments/demo/hoop_configs/1v1-nasir.json,yolov8l.pt,640,0.3,flow,90,-10.0,6,60.0,260.0,20,140.0,15,120,2.5,2.0,1.0,0,1,
134,plus_pose,34,1v1-nasir.mp4,1303.36,1351.45,experiments/demo/hoop_configs/1v1-nasir.json,yolov8l.pt,640,0.3,flow,90,-10.0,6,60.0,260.0,20,140.0,15,120,2.5,2.0,1.0,0,1,
135,plus_pose,35,1v1-nasir.mp4,1421.92,1475.07,experiments/demo/hoop_configs/1v1-nasir.json,yolov8l.pt,640,0.3,flow,90,-10.0,6,60.0,260.0,20,140.0,15,120,2.5,2.0,1.0,0,1,
136,plus_pose,36,1v1-nasir.mp4,1625.59,1673.96,experiments/demo/hoop_configs/1v1-nasir.json,yolov8l.pt,640,0.3,flow,90,-10.0,6,60.0,260.0,20,140.0,15,120,2.5,2.0,1.0,0,1,
137,plus_pose,37,1v1-nasir.mp4,1722.81,1778.28,experiments/demo/hoop_configs/1v1-nasir.json,yolov8l.pt,640,0.3,flow,90,-10.0,6,60.0,260.0,20,140.0,15,120,2.5,2.0,1.0,0,1,
138,plus_pose,38,1v1-nasir.mp4,1816.87,1868.21,experiments/demo/hoop_configs/1v1-nasir.json,yolov8l.pt,640,0.3,flow,90,-10.0,6,60.0,260.0,20,140.0,15,120,2.5,2.0,1.0,0,1,
139,plus_pose,39,1v1-nasir.mp4,2130.39,2193.01,experiments/demo/hoop_configs/1v1-nasir.json,yolov8l.pt,640,0.3,flow,90,-10.0,6,60.0,260.0,20,140.0,15,120,2.5,2.0,1.0,0,1,
140,plus_pose,40,1v1-roy.mp4,45.33,109.9,experiments/demo/hoop_configs/1v1-roy.json,yolov8l.pt,640,0.3,flow,90,-10.0,6,60.0,260.0,20,140.0,15,120,2.5,2.0,1.0,0,1,
141,plus_pose,41,1v1-roy.mp4,123.19,168.33,experiments/demo/hoop_configs/1v1-roy.json,yolov8l.pt,640,0.3,flow,90,-10.0,6,60.0,260.0,20,140.0,15,120,2.5,2.0,1.0,0,1,
142,plus_pose,42,1v1-roy.mp4,168.77,218.78,experiments/demo/hoop_configs/1v1-roy.json,yolov8l.pt,640,0.3,flow,90,-10.0,6,60.0,260.0,20,140.0,15,120,2.5,2.0,1.0,0,1,
143,plus_pose,43,1v1-roy.mp4,219.81,265.59,experiments/demo/hoop_configs/1v1-roy.json,yolov8l.pt,640,0.3,flow,90,-10.0,6,60.0,260.0,20,140.0,15,120,2.5,2.0,1.0,0,1,
144,plus_pose,44,1v1-roy.mp4,270.11,316.57,experiments/demo/hoop_configs/1v1-roy.json,yolov8l.pt,640,0.3,flow,90,-10.0,6,60.0,260.0,20,140.0,15,120,2.5,2.0,1.0,0,1,
145,plus_pose,45,1v1-roy.mp4,327.93,382.78,experiments/demo/hoop_configs/1v1-roy.json,yolov8l.pt,640,0.3,flow,90,-10.0,6,60.0,260.0,20,140.0,15,120,2.5,2.0,1.0,0,1,
146,plus_pose,46,1v1-roy.mp4,425.6,471.3,experiments/demo/hoop_configs/1v1-roy.json,yolov8l.pt,640,0.3,flow,90,-10.0,6,60.0,260.0,20,140.0,15,120,2.5,2.0,1.0,0,1,
147,plus_pose,47,1v1-roy.mp4,530.08,594.36,experiments/demo/hoop_configs/1v1-roy.json,yolov8l.pt,640,0.3,flow,90,-10.0,6,60.0,260.0,20,140.0,15,120,2.5,2.0,1.0,0,1,
148,plus_pose,48,1v1-roy.mp4,609.65,664.37,experiments/demo/hoop_configs/1v1-roy.json,yolov8l.pt,640,0.3,flow,90,-10.0,6,60.0,260.0,20,140.0,15,120,2.5,2.0,1.0,0,1,
149,plus_pose,49,1v1-roy.mp4,668.31,716.72,experiments/demo/hoop_configs/1v1-roy.json,yolov8l.pt,640,0.3,flow,90,-10.0,6,60.0,260.0,20,140.0,15,120,2.5,2.0,1.0,0,1,
150,plus_sam3,0,1v1-mk.mov,64.41,127.61,experiments/demo/hoop_configs/1v1-mk.json,yolov8l.pt,640,0.3,flow,90,-10.0,6,60.0,260.0,20,140.0,15,120,2.5,2.0,1.0,0,0,sam3
151,plus_sam3,1,1v1-mk.mov,136.48,194.7,experiments/demo/hoop_configs/1v1-mk.json,yolov8l.pt,640,0.3,flow,90,-10.0,6,60.0,260.0,20,140.0,15,120,2.5,2.0,1.0,0,0,sam3
152,plus_sam3,2,1v1-mk.mov,279.04,343.25,experiments/demo/hoop_configs/1v1-mk.json,yolov8l.pt,640,0.3,flow,90,-10.0,6,60.0,260.0,20,140.0,15,120,2.5,2.0,1.0,0,0,sam3
153,plus_sam3,3,1v1-mk.mov,361.66,407.2,experiments/demo/hoop_configs/1v1-mk.json,yolov8l.pt,640,0.3,flow,90,-10.0,6,60.0,260.0,20,140.0,15,120,2.5,2.0,1.0,0,0,sam3
154,plus_sam3,4,1v1-mk.mov,426.44,478.4,experiments/demo/hoop_configs/1v1-mk.json,yolov8l.pt,640,0.3,flow,90,-10.0,6,60.0,260.0,20,140.0,15,120,2.5,2.0,1.0,0,0,sam3
155,plus_sam3,5,1v1-mk.mov,496.77,555.88,experiments/demo/hoop_configs/1v1-mk.json,yolov8l.pt,640,0.3,flow,90,-10.0,6,60.0,260.0,20,140.0,15,120,2.5,2.0,1.0,0,0,sam3
156,plus_sam3,6,1v1-mk.mov,561.86,612.31,experiments/demo/hoop_configs/1v1-mk.json,yolov8l.pt,640,0.3,flow,90,-10.0,6,60.0,260.0,20,140.0,15,120,2.5,2.0,1.0,0,0,sam3
157,plus_sam3,7,1v1-mk.mov,612.64,672.96,experiments/demo/hoop_configs/1v1-mk.json,yolov8l.pt,640,0.3,flow,90,-10.0,6,60.0,260.0,20,140.0,15,120,2.5,2.0,1.0,0,0,sam3
158,plus_sam3,8,1v1-mk.mov,698.75,754.19,experiments/demo/hoop_configs/1v1-mk.json,yolov8l.pt,640,0.3,flow,90,-10.0,6,60.0,260.0,20,140.0,15,120,2.5,2.0,1.0,0,0,sam3
159,plus_sam3,9,1v1-mk.mov,804.37,866.3,experiments/demo/hoop_configs/1v1-mk.json,yolov8l.pt,640,0.3,flow,90,-10.0,6,60.0,260.0,20,140.0,15,120,2.5,2.0,1.0,0,0,sam3
160,plus_sam3,10,1v1-ddg.mp4,193.28,254.49,experiments/demo/hoop_configs/1v1-ddg.json,yolov8l.pt,640,0.3,flow,90,-10.0,6,60.0,260.0,20,140.0,15,120,2.5,2.0,1.0,0,0,sam3
161,plus_sam3,11,1v1-ddg.mp4,271.46,334.98,experiments/demo/hoop_configs/1v1-ddg.json,yolov8l.pt,640,0.3,flow,90,-10.0,6,60.0,260.0,20,140.0,15,120,2.5,2.0,1.0,0,0,sam3
162,plus_sam3,12,1v1-ddg.mp4,378.26,428.29,experiments/demo/hoop_configs/1v1-ddg.json,yolov8l.pt,640,0.3,flow,90,-10.0,6,60.0,260.0,20,140.0,15,120,2.5,2.0,1.0,0,0,sam3
163,plus_sam3,13,1v1-ddg.mp4,459.31,512.14,experiments/demo/hoop_configs/1v1-ddg.json,yolov8l.pt,640,0.3,flow,90,-10.0,6,60.0,260.0,20,140.0,15,120,2.5,2.0,1.0,0,0,sam3
164,plus_sam3,14,1v1-ddg.mp4,1074.59,1136.43,experiments/demo/hoop_configs/1v1-ddg.json,yolov8l.pt,640,0.3,flow,90,-10.0,6,60.0,260.0,20,140.0,15,120,2.5,2.0,1.0,0,0,sam3
165,plus_sam3,15,1v1-ddg.mp4,1169.32,1233.51,experiments/demo/hoop_configs/1v1-ddg.json,yolov8l.pt,640,0.3,flow,90,-10.0,6,60.0,260.0,20,140.0,15,120,2.5,2.0,1.0,0,0,sam3
166,plus_sam3,16,1v1-ddg.mp4,1347.79,1404.08,experiments/demo/hoop_configs/1v1-ddg.json,yolov8l.pt,640,0.3,flow,90,-10.0,6,60.0,260.0,20,140.0,15,120,2.5,2.0,1.0,0,0,sam3
167,plus_sam3,17,1v1-ddg.mp4,1432.92,1485.98,experiments/demo/hoop_configs/1v1-ddg.json,yolov8l.pt,640,0.3,flow,90,-10.0,6,60.0,260.0,20,140.0,15,120,2.5,2.0,1.0,0,0,sam3
168,plus_sam3,18,1v1-ddg.mp4,1621.66,1682.08,experiments/demo/hoop_configs/1v1-ddg.json,yolov8l.pt,640,0.3,flow,90,-10.0,6,60.0,260.0,20,140.0,15,120,2.5,2.0,1.0,0,0,sam3
169,plus_sam3,19,1v1-ddg.mp4,1768.02,1829.12,experiments/demo/hoop_configs/1v1-ddg.json,yolov8l.pt,640,0.3,flow,90,-10.0,6,60.0,260.0,20,140.0,15,120,2.5,2.0,1.0,0,0,sam3
170,plus_sam3,20,1v1-jason.mp4,125.49,171.99,experiments/demo/hoop_configs/1v1-jason.json,yolov8l.pt,640,0.3,flow,90,-10.0,6,60.0,260.0,20,140.0,15,120,2.5,2.0,1.0,0,0,sam3
171,plus_sam3,21,1v1-jason.mp4,181.42,242.17,experiments/demo/hoop_configs/1v1-jason.json,yolov8l.pt,640,0.3,flow,90,-10.0,6,60.0,260.0,20,140.0,15,120,2.5,2.0,1.0,0,0,sam3
172,plus_sam3,22,1v1-jason.mp4,259.53,317.26,experiments/demo/hoop_configs/1v1-jason.json,yolov8l.pt,640,0.3,flow,90,-10.0,6,60.0,260.0,20,140.0,15,120,2.5,2.0,1.0,0,0,sam3
173,plus_sam3,23,1v1-jason.mp4,341.43,392.87,experiments/demo/hoop_configs/1v1-jason.json,yolov8l.pt,640,0.3,flow,90,-10.0,6,60.0,260.0,20,140.0,15,120,2.5,2.0,1.0,0,0,sam3
174,plus_sam3,24,1v1-jason.mp4,399.03,457.18,experiments/demo/hoop_configs/1v1-jason.json,yolov8l.pt,640,0.3,flow,90,-10.0,6,60.0,260.0,20,140.0,15,120,2.5,2.0,1.0,0,0,sam3
175,plus_sam3,25,1v1-jason.mp4,470.02,529.52,experiments/demo/hoop_configs/1v1-jason.json,yolov8l.pt,640,0.3,flow,90,-10.0,6,60.0,260.0,20,140.0,15,120,2.5,2.0,1.0,0,0,sam3
176,plus_sam3,26,1v1-jason.mp4,539.57,599.46,experiments/demo/hoop_configs/1v1-jason.json,yolov8l.pt,640,0.3,flow,90,-10.0,6,60.0,260.0,20,140.0,15,120,2.5,2.0,1.0,0,0,sam3
177,plus_sam3,27,1v1-jason.mp4,696.49,761.45,experiments/demo/hoop_configs/1v1-jason.json,yolov8l.pt,640,0.3,flow,90,-10.0,6,60.0,260.0,20,140.0,15,120,2.5,2.0,1.0,0,0,sam3
178,plus_sam3,28,1v1-jason.mp4,825.33,878.78,experiments/demo/hoop_configs/1v1-jason.json,yolov8l.pt,640,0.3,flow,90,-10.0,6,60.0,260.0,20,140.0,15,120,2.5,2.0,1.0,0,0,sam3
179,plus_sam3,29,1v1-jason.mp4,888.98,942.88,experiments/demo/hoop_configs/1v1-jason.json,yolov8l.pt,640,0.3,flow,90,-10.0,6,60.0,260.0,20,140.0,15,120,2.5,2.0,1.0,0,0,sam3
180,plus_sam3,30,1v1-nasir.mp4,632.83,683.61,experiments/demo/hoop_configs/1v1-nasir.json,yolov8l.pt,640,0.3,flow,90,-10.0,6,60.0,260.0,20,140.0,15,120,2.5,2.0,1.0,0,0,sam3
181,plus_sam3,31,1v1-nasir.mp4,939.13,994.69,experiments/demo/hoop_configs/1v1-nasir.json,yolov8l.pt,640,0.3,flow,90,-10.0,6,60.0,260.0,20,140.0,15,120,2.5,2.0,1.0,0,0,sam3
182,plus_sam3,32,1v1-nasir.mp4,1041.22,1092.1,experiments/demo/hoop_configs/1v1-nasir.json,yolov8l.pt,640,0.3,flow,90,-10.0,6,60.0,260.0,20,140.0,15,120,2.5,2.0,1.0,0,0,sam3
183,plus_sam3,33,1v1-nasir.mp4,1251.57,1299.86,experiments/demo/hoop_configs/1v1-nasir.json,yolov8l.pt,640,0.3,flow,90,-10.0,6,60.0,260.0,20,140.0,15,120,2.5,2.0,1.0,0,0,sam3
184,plus_sam3,34,1v1-nasir.mp4,1303.36,1351.45,experiments/demo/hoop_configs/1v1-nasir.json,yolov8l.pt,640,0.3,flow,90,-10.0,6,60.0,260.0,20,140.0,15,120,2.5,2.0,1.0,0,0,sam3
185,plus_sam3,35,1v1-nasir.mp4,1421.92,1475.07,experiments/demo/hoop_configs/1v1-nasir.json,yolov8l.pt,640,0.3,flow,90,-10.0,6,60.0,260.0,20,140.0,15,120,2.5,2.0,1.0,0,0,sam3
186,plus_sam3,36,1v1-nasir.mp4,1625.59,1673.96,experiments/demo/hoop_configs/1v1-nasir.json,yolov8l.pt,640,0.3,flow,90,-10.0,6,60.0,260.0,20,140.0,15,120,2.5,2.0,1.0,0,0,sam3
187,plus_sam3,37,1v1-nasir.mp4,1722.81,1778.28,experiments/demo/hoop_configs/1v1-nasir.json,yolov8l.pt,640,0.3,flow,90,-10.0,6,60.0,260.0,20,140.0,15,120,2.5,2.0,1.0,0,0,sam3
188,plus_sam3,38,1v1-nasir.mp4,1816.87,1868.21,experiments/demo/hoop_configs/1v1-nasir.json,yolov8l.pt,640,0.3,flow,90,-10.0,6,60.0,260.0,20,140.0,15,120,2.5,2.0,1.0,0,0,sam3
189,plus_sam3,39,1v1-nasir.mp4,2130.39,2193.01,experiments/demo/hoop_configs/1v1-nasir.json,yolov8l.pt,640,0.3,flow,90,-10.0,6,60.0,260.0,20,140.0,15,120,2.5,2.0,1.0,0,0,sam3
190,plus_sam3,40,1v1-roy.mp4,45.33,109.9,experiments/demo/hoop_configs/1v1-roy.json,yolov8l.pt,640,0.3,flow,90,-10.0,6,60.0,260.0,20,140.0,15,120,2.5,2.0,1.0,0,0,sam3
191,plus_sam3,41,1v1-roy.mp4,123.19,168.33,experiments/demo/hoop_configs/1v1-roy.json,yolov8l.pt,640,0.3,flow,90,-10.0,6,60.0,260.0,20,140.0,15,120,2.5,2.0,1.0,0,0,sam3
192,plus_sam3,42,1v1-roy.mp4,168.77,218.78,experiments/demo/hoop_configs/1v1-roy.json,yolov8l.pt,640,0.3,flow,90,-10.0,6,60.0,260.0,20,140.0,15,120,2.5,2.0,1.0,0,0,sam3
193,plus_sam3,43,1v1-roy.mp4,219.81,265.59,experiments/demo/hoop_configs/1v1-roy.json,yolov8l.pt,640,0.3,flow,90,-10.0,6,60.0,260.0,20,140.0,15,120,2.5,2.0,1.0,0,0,sam3
194,plus_sam3,44,1v1-roy.mp4,270.11,316.57,experiments/demo/hoop_configs/1v1-roy.json,yolov8l.pt,640,0.3,flow,90,-10.0,6,60.0,260.0,20,140.0,15,120,2.5,2.0,1.0,0,0,sam3
195,plus_sam3,45,1v1-roy.mp4,327.93,382.78,experiments/demo/hoop_configs/1v1-roy.json,yolov8l.pt,640,0.3,flow,90,-10.0,6,60.0,260.0,20,140.0,15,120,2.5,2.0,1.0,0,0,sam3
196,plus_sam3,46,1v1-roy.mp4,425.6,471.3,experiments/demo/hoop_configs/1v1-roy.json,yolov8l.pt,640,0.3,flow,90,-10.0,6,60.0,260.0,20,140.0,15,120,2.5,2.0,1.0,0,0,sam3
197,plus_sam3,47,1v1-roy.mp4,530.08,594.36,experiments/demo/hoop_configs/1v1-roy.json,yolov8l.pt,640,0.3,flow,90,-10.0,6,60.0,260.0,20,140.0,15,120,2.5,2.0,1.0,0,0,sam3
198,plus_sam3,48,1v1-roy.mp4,609.65,664.37,experiments/demo/hoop_configs/1v1-roy.json,yolov8l.pt,640,0.3,flow,90,-10.0,6,60.0,260.0,20,140.0,15,120,2.5,2.0,1.0,0,0,sam3
199,plus_sam3,49,1v1-roy.mp4,668.31,716.72,experiments/demo/hoop_configs/1v1-roy.json,yolov8l.pt,640,0.3,flow,90,-10.0,6,60.0,260.0,20,140.0,15,120,2.5,2.0,1.0,0,0,sam3
200,plus_sam3_1,0,1v1-mk.mov,64.41,127.61,experiments/demo/hoop_configs/1v1-mk.json,yolov8l.pt,640,0.3,flow,90,-10.0,6,60.0,260.0,20,140.0,15,120,2.5,2.0,1.0,0,0,sam3.1
201,plus_sam3_1,1,1v1-mk.mov,136.48,194.7,experiments/demo/hoop_configs/1v1-mk.json,yolov8l.pt,640,0.3,flow,90,-10.0,6,60.0,260.0,20,140.0,15,120,2.5,2.0,1.0,0,0,sam3.1
202,plus_sam3_1,2,1v1-mk.mov,279.04,343.25,experiments/demo/hoop_configs/1v1-mk.json,yolov8l.pt,640,0.3,flow,90,-10.0,6,60.0,260.0,20,140.0,15,120,2.5,2.0,1.0,0,0,sam3.1
203,plus_sam3_1,3,1v1-mk.mov,361.66,407.2,experiments/demo/hoop_configs/1v1-mk.json,yolov8l.pt,640,0.3,flow,90,-10.0,6,60.0,260.0,20,140.0,15,120,2.5,2.0,1.0,0,0,sam3.1
204,plus_sam3_1,4,1v1-mk.mov,426.44,478.4,experiments/demo/hoop_configs/1v1-mk.json,yolov8l.pt,640,0.3,flow,90,-10.0,6,60.0,260.0,20,140.0,15,120,2.5,2.0,1.0,0,0,sam3.1
205,plus_sam3_1,5,1v1-mk.mov,496.77,555.88,experiments/demo/hoop_configs/1v1-mk.json,yolov8l.pt,640,0.3,flow,90,-10.0,6,60.0,260.0,20,140.0,15,120,2.5,2.0,1.0,0,0,sam3.1
206,plus_sam3_1,6,1v1-mk.mov,561.86,612.31,experiments/demo/hoop_configs/1v1-mk.json,yolov8l.pt,640,0.3,flow,90,-10.0,6,60.0,260.0,20,140.0,15,120,2.5,2.0,1.0,0,0,sam3.1
207,plus_sam3_1,7,1v1-mk.mov,612.64,672.96,experiments/demo/hoop_configs/1v1-mk.json,yolov8l.pt,640,0.3,flow,90,-10.0,6,60.0,260.0,20,140.0,15,120,2.5,2.0,1.0,0,0,sam3.1
208,plus_sam3_1,8,1v1-mk.mov,698.75,754.19,experiments/demo/hoop_configs/1v1-mk.json,yolov8l.pt,640,0.3,flow,90,-10.0,6,60.0,260.0,20,140.0,15,120,2.5,2.0,1.0,0,0,sam3.1
209,plus_sam3_1,9,1v1-mk.mov,804.37,866.3,experiments/demo/hoop_configs/1v1-mk.json,yolov8l.pt,640,0.3,flow,90,-10.0,6,60.0,260.0,20,140.0,15,120,2.5,2.0,1.0,0,0,sam3.1
210,plus_sam3_1,10,1v1-ddg.mp4,193.28,254.49,experiments/demo/hoop_configs/1v1-ddg.json,yolov8l.pt,640,0.3,flow,90,-10.0,6,60.0,260.0,20,140.0,15,120,2.5,2.0,1.0,0,0,sam3.1
211,plus_sam3_1,11,1v1-ddg.mp4,271.46,334.98,experiments/demo/hoop_configs/1v1-ddg.json,yolov8l.pt,640,0.3,flow,90,-10.0,6,60.0,260.0,20,140.0,15,120,2.5,2.0,1.0,0,0,sam3.1
212,plus_sam3_1,12,1v1-ddg.mp4,378.26,428.29,experiments/demo/hoop_configs/1v1-ddg.json,yolov8l.pt,640,0.3,flow,90,-10.0,6,60.0,260.0,20,140.0,15,120,2.5,2.0,1.0,0,0,sam3.1
213,plus_sam3_1,13,1v1-ddg.mp4,459.31,512.14,experiments/demo/hoop_configs/1v1-ddg.json,yolov8l.pt,640,0.3,flow,90,-10.0,6,60.0,260.0,20,140.0,15,120,2.5,2.0,1.0,0,0,sam3.1
214,plus_sam3_1,14,1v1-ddg.mp4,1074.59,1136.43,experiments/demo/hoop_configs/1v1-ddg.json,yolov8l.pt,640,0.3,flow,90,-10.0,6,60.0,260.0,20,140.0,15,120,2.5,2.0,1.0,0,0,sam3.1
215,plus_sam3_1,15,1v1-ddg.mp4,1169.32,1233.51,experiments/demo/hoop_configs/1v1-ddg.json,yolov8l.pt,640,0.3,flow,90,-10.0,6,60.0,260.0,20,140.0,15,120,2.5,2.0,1.0,0,0,sam3.1
216,plus_sam3_1,16,1v1-ddg.mp4,1347.79,1404.08,experiments/demo/hoop_configs/1v1-ddg.json,yolov8l.pt,640,0.3,flow,90,-10.0,6,60.0,260.0,20,140.0,15,120,2.5,2.0,1.0,0,0,sam3.1
217,plus_sam3_1,17,1v1-ddg.mp4,1432.92,1485.98,experiments/demo/hoop_configs/1v1-ddg.json,yolov8l.pt,640,0.3,flow,90,-10.0,6,60.0,260.0,20,140.0,15,120,2.5,2.0,1.0,0,0,sam3.1
218,plus_sam3_1,18,1v1-ddg.mp4,1621.66,1682.08,experiments/demo/hoop_configs/1v1-ddg.json,yolov8l.pt,640,0.3,flow,90,-10.0,6,60.0,260.0,20,140.0,15,120,2.5,2.0,1.0,0,0,sam3.1
219,plus_sam3_1,19,1v1-ddg.mp4,1768.02,1829.12,experiments/demo/hoop_configs/1v1-ddg.json,yolov8l.pt,640,0.3,flow,90,-10.0,6,60.0,260.0,20,140.0,15,120,2.5,2.0,1.0,0,0,sam3.1
220,plus_sam3_1,20,1v1-jason.mp4,125.49,171.99,experiments/demo/hoop_configs/1v1-jason.json,yolov8l.pt,640,0.3,flow,90,-10.0,6,60.0,260.0,20,140.0,15,120,2.5,2.0,1.0,0,0,sam3.1
221,plus_sam3_1,21,1v1-jason.mp4,181.42,242.17,experiments/demo/hoop_configs/1v1-jason.json,yolov8l.pt,640,0.3,flow,90,-10.0,6,60.0,260.0,20,140.0,15,120,2.5,2.0,1.0,0,0,sam3.1
222,plus_sam3_1,22,1v1-jason.mp4,259.53,317.26,experiments/demo/hoop_configs/1v1-jason.json,yolov8l.pt,640,0.3,flow,90,-10.0,6,60.0,260.0,20,140.0,15,120,2.5,2.0,1.0,0,0,sam3.1
223,plus_sam3_1,23,1v1-jason.mp4,341.43,392.87,experiments/demo/hoop_configs/1v1-jason.json,yolov8l.pt,640,0.3,flow,90,-10.0,6,60.0,260.0,20,140.0,15,120,2.5,2.0,1.0,0,0,sam3.1
224,plus_sam3_1,24,1v1-jason.mp4,399.03,457.18,experiments/demo/hoop_configs/1v1-jason.json,yolov8l.pt,640,0.3,flow,90,-10.0,6,60.0,260.0,20,140.0,15,120,2.5,2.0,1.0,0,0,sam3.1
225,plus_sam3_1,25,1v1-jason.mp4,470.02,529.52,experiments/demo/hoop_configs/1v1-jason.json,yolov8l.pt,640,0.3,flow,90,-10.0,6,60.0,260.0,20,140.0,15,120,2.5,2.0,1.0,0,0,sam3.1
226,plus_sam3_1,26,1v1-jason.mp4,539.57,599.46,experiments/demo/hoop_configs/1v1-jason.json,yolov8l.pt,640,0.3,flow,90,-10.0,6,60.0,260.0,20,140.0,15,120,2.5,2.0,1.0,0,0,sam3.1
227,plus_sam3_1,27,1v1-jason.mp4,696.49,761.45,experiments/demo/hoop_configs/1v1-jason.json,yolov8l.pt,640,0.3,flow,90,-10.0,6,60.0,260.0,20,140.0,15,120,2.5,2.0,1.0,0,0,sam3.1
228,plus_sam3_1,28,1v1-jason.mp4,825.33,878.78,experiments/demo/hoop_configs/1v1-jason.json,yolov8l.pt,640,0.3,flow,90,-10.0,6,60.0,260.0,20,140.0,15,120,2.5,2.0,1.0,0,0,sam3.1
229,plus_sam3_1,29,1v1-jason.mp4,888.98,942.88,experiments/demo/hoop_configs/1v1-jason.json,yolov8l.pt,640,0.3,flow,90,-10.0,6,60.0,260.0,20,140.0,15,120,2.5,2.0,1.0,0,0,sam3.1
230,plus_sam3_1,30,1v1-nasir.mp4,632.83,683.61,experiments/demo/hoop_configs/1v1-nasir.json,yolov8l.pt,640,0.3,flow,90,-10.0,6,60.0,260.0,20,140.0,15,120,2.5,2.0,1.0,0,0,sam3.1
231,plus_sam3_1,31,1v1-nasir.mp4,939.13,994.69,experiments/demo/hoop_configs/1v1-nasir.json,yolov8l.pt,640,0.3,flow,90,-10.0,6,60.0,260.0,20,140.0,15,120,2.5,2.0,1.0,0,0,sam3.1
232,plus_sam3_1,32,1v1-nasir.mp4,1041.22,1092.1,experiments/demo/hoop_configs/1v1-nasir.json,yolov8l.pt,640,0.3,flow,90,-10.0,6,60.0,260.0,20,140.0,15,120,2.5,2.0,1.0,0,0,sam3.1
233,plus_sam3_1,33,1v1-nasir.mp4,1251.57,1299.86,experiments/demo/hoop_configs/1v1-nasir.json,yolov8l.pt,640,0.3,flow,90,-10.0,6,60.0,260.0,20,140.0,15,120,2.5,2.0,1.0,0,0,sam3.1
234,plus_sam3_1,34,1v1-nasir.mp4,1303.36,1351.45,experiments/demo/hoop_configs/1v1-nasir.json,yolov8l.pt,640,0.3,flow,90,-10.0,6,60.0,260.0,20,140.0,15,120,2.5,2.0,1.0,0,0,sam3.1
235,plus_sam3_1,35,1v1-nasir.mp4,1421.92,1475.07,experiments/demo/hoop_configs/1v1-nasir.json,yolov8l.pt,640,0.3,flow,90,-10.0,6,60.0,260.0,20,140.0,15,120,2.5,2.0,1.0,0,0,sam3.1
236,plus_sam3_1,36,1v1-nasir.mp4,1625.59,1673.96,experiments/demo/hoop_configs/1v1-nasir.json,yolov8l.pt,640,0.3,flow,90,-10.0,6,60.0,260.0,20,140.0,15,120,2.5,2.0,1.0,0,0,sam3.1
237,plus_sam3_1,37,1v1-nasir.mp4,1722.81,1778.28,experiments/demo/hoop_configs/1v1-nasir.json,yolov8l.pt,640,0.3,flow,90,-10.0,6,60.0,260.0,20,140.0,15,120,2.5,2.0,1.0,0,0,sam3.1
238,plus_sam3_1,38,1v1-nasir.mp4,1816.87,1868.21,experiments/demo/hoop_configs/1v1-nasir.json,yolov8l.pt,640,0.3,flow,90,-10.0,6,60.0,260.0,20,140.0,15,120,2.5,2.0,1.0,0,0,sam3.1
239,plus_sam3_1,39,1v1-nasir.mp4,2130.39,2193.01,experiments/demo/hoop_configs/1v1-nasir.json,yolov8l.pt,640,0.3,flow,90,-10.0,6,60.0,260.0,20,140.0,15,120,2.5,2.0,1.0,0,0,sam3.1
240,plus_sam3_1,40,1v1-roy.mp4,45.33,109.9,experiments/demo/hoop_configs/1v1-roy.json,yolov8l.pt,640,0.3,flow,90,-10.0,6,60.0,260.0,20,140.0,15,120,2.5,2.0,1.0,0,0,sam3.1
241,plus_sam3_1,41,1v1-roy.mp4,123.19,168.33,experiments/demo/hoop_configs/1v1-roy.json,yolov8l.pt,640,0.3,flow,90,-10.0,6,60.0,260.0,20,140.0,15,120,2.5,2.0,1.0,0,0,sam3.1
242,plus_sam3_1,42,1v1-roy.mp4,168.77,218.78,experiments/demo/hoop_configs/1v1-roy.json,yolov8l.pt,640,0.3,flow,90,-10.0,6,60.0,260.0,20,140.0,15,120,2.5,2.0,1.0,0,0,sam3.1
243,plus_sam3_1,43,1v1-roy.mp4,219.81,265.59,experiments/demo/hoop_configs/1v1-roy.json,yolov8l.pt,640,0.3,flow,90,-10.0,6,60.0,260.0,20,140.0,15,120,2.5,2.0,1.0,0,0,sam3.1
244,plus_sam3_1,44,1v1-roy.mp4,270.11,316.57,experiments/demo/hoop_configs/1v1-roy.json,yolov8l.pt,640,0.3,flow,90,-10.0,6,60.0,260.0,20,140.0,15,120,2.5,2.0,1.0,0,0,sam3.1
245,plus_sam3_1,45,1v1-roy.mp4,327.93,382.78,experiments/demo/hoop_configs/1v1-roy.json,yolov8l.pt,640,0.3,flow,90,-10.0,6,60.0,260.0,20,140.0,15,120,2.5,2.0,1.0,0,0,sam3.1
246,plus_sam3_1,46,1v1-roy.mp4,425.6,471.3,experiments/demo/hoop_configs/1v1-roy.json,yolov8l.pt,640,0.3,flow,90,-10.0,6,60.0,260.0,20,140.0,15,120,2.5,2.0,1.0,0,0,sam3.1
247,plus_sam3_1,47,1v1-roy.mp4,530.08,594.36,experiments/demo/hoop_configs/1v1-roy.json,yolov8l.pt,640,0.3,flow,90,-10.0,6,60.0,260.0,20,140.0,15,120,2.5,2.0,1.0,0,0,sam3.1
248,plus_sam3_1,48,1v1-roy.mp4,609.65,664.37,experiments/demo/hoop_configs/1v1-roy.json,yolov8l.pt,640,0.3,flow,90,-10.0,6,60.0,260.0,20,140.0,15,120,2.5,2.0,1.0,0,0,sam3.1
249,plus_sam3_1,49,1v1-roy.mp4,668.31,716.72,experiments/demo/hoop_configs/1v1-roy.json,yolov8l.pt,640,0.3,flow,90,-10.0,6,60.0,260.0,20,140.0,15,120,2.5,2.0,1.0,0,0,sam3.1
