task_id,variant,run_id,video,start,end,hoop_config,model,imgsz,confidence,rim_tracker_kind,rim_reseed_every,upward_trigger,history_frames,release_dist_px,approach_dist_px,cooldown_frames,possession_dist_px,occlusion_gap_frames,attempt_to_made_window,enter_zone_radius_factor,horizontal_pad_factor,min_downward_velocity,use_yoloe,use_pose,sam3_cache,strict_consensus
0,full_ensemble,0,1v1-mk.mov,139.96,166.57,experiments/demo/hoop_configs/1v1-mk.json,yolov8l.pt,640,0.3,flow,90,-10.0,6,60.0,260.0,20,140.0,15,120,2.5,2.0,1.0,1,1,sam3.1,0
1,full_ensemble,1,1v1-mk.mov,173.69,202.44,experiments/demo/hoop_configs/1v1-mk.json,yolov8l.pt,640,0.3,flow,90,-10.0,6,60.0,260.0,20,140.0,15,120,2.5,2.0,1.0,1,1,sam3.1,0
2,full_ensemble,2,1v1-mk.mov,258.59,286.05,experiments/demo/hoop_configs/1v1-mk.json,yolov8l.pt,640,0.3,flow,90,-10.0,6,60.0,260.0,20,140.0,15,120,2.5,2.0,1.0,1,1,sam3.1,0
3,full_ensemble,3,1v1-mk.mov,289.06,318.66,experiments/demo/hoop_configs/1v1-mk.json,yolov8l.pt,640,0.3,flow,90,-10.0,6,60.0,260.0,20,140.0,15,120,2.5,2.0,1.0,1,1,sam3.1,0
4,full_ensemble,4,1v1-mk.mov,371.37,391.64,experiments/demo/hoop_configs/1v1-mk.json,yolov8l.pt,640,0.3,flow,90,-10.0,6,60.0,260.0,20,140.0,15,120,2.5,2.0,1.0,1,1,sam3.1,0
5,full_ensemble,5,1v1-mk.mov,514.69,541.74,experiments/demo/hoop_configs/1v1-mk.json,yolov8l.pt,640,0.3,flow,90,-10.0,6,60.0,260.0,20,140.0,15,120,2.5,2.0,1.0,1,1,sam3.1,0
6,full_ensemble,6,1v1-mk.mov,635.64,663.3,experiments/demo/hoop_configs/1v1-mk.json,yolov8l.pt,640,0.3,flow,90,-10.0,6,60.0,260.0,20,140.0,15,120,2.5,2.0,1.0,1,1,sam3.1,0
7,full_ensemble,7,1v1-mk.mov,723.13,748.35,experiments/demo/hoop_configs/1v1-mk.json,yolov8l.pt,640,0.3,flow,90,-10.0,6,60.0,260.0,20,140.0,15,120,2.5,2.0,1.0,1,1,sam3.1,0
8,full_ensemble,8,1v1-mk.mov,836.0,864.46,experiments/demo/hoop_configs/1v1-mk.json,yolov8l.pt,640,0.3,flow,90,-10.0,6,60.0,260.0,20,140.0,15,120,2.5,2.0,1.0,1,1,sam3.1,0
9,full_ensemble,9,1v1-mk.mov,884.84,908.86,experiments/demo/hoop_configs/1v1-mk.json,yolov8l.pt,640,0.3,flow,90,-10.0,6,60.0,260.0,20,140.0,15,120,2.5,2.0,1.0,1,1,sam3.1,0
10,full_ensemble,10,1v1-ddg.mp4,490.29,519.85,experiments/demo/hoop_configs/1v1-ddg.json,yolov8l.pt,640,0.3,flow,90,-10.0,6,60.0,260.0,20,140.0,15,120,2.5,2.0,1.0,1,1,sam3.1,0
11,full_ensemble,11,1v1-ddg.mp4,673.78,700.17,experiments/demo/hoop_configs/1v1-ddg.json,yolov8l.pt,640,0.3,flow,90,-10.0,6,60.0,260.0,20,140.0,15,120,2.5,2.0,1.0,1,1,sam3.1,0
12,full_ensemble,12,1v1-ddg.mp4,792.21,812.38,experiments/demo/hoop_configs/1v1-ddg.json,yolov8l.pt,640,0.3,flow,90,-10.0,6,60.0,260.0,20,140.0,15,120,2.5,2.0,1.0,1,1,sam3.1,0
13,full_ensemble,13,1v1-ddg.mp4,1494.44,1514.95,experiments/demo/hoop_configs/1v1-ddg.json,yolov8l.pt,640,0.3,flow,90,-10.0,6,60.0,260.0,20,140.0,15,120,2.5,2.0,1.0,1,1,sam3.1,0
14,full_ensemble,14,1v1-ddg.mp4,1604.96,1626.38,experiments/demo/hoop_configs/1v1-ddg.json,yolov8l.pt,640,0.3,flow,90,-10.0,6,60.0,260.0,20,140.0,15,120,2.5,2.0,1.0,1,1,sam3.1,0
15,full_ensemble,15,1v1-ddg.mp4,1731.29,1756.69,experiments/demo/hoop_configs/1v1-ddg.json,yolov8l.pt,640,0.3,flow,90,-10.0,6,60.0,260.0,20,140.0,15,120,2.5,2.0,1.0,1,1,sam3.1,0
16,full_ensemble,16,1v1-ddg.mp4,1797.96,1826.1,experiments/demo/hoop_configs/1v1-ddg.json,yolov8l.pt,640,0.3,flow,90,-10.0,6,60.0,260.0,20,140.0,15,120,2.5,2.0,1.0,1,1,sam3.1,0
17,full_ensemble,17,1v1-ddg.mp4,1841.3,1862.12,experiments/demo/hoop_configs/1v1-ddg.json,yolov8l.pt,640,0.3,flow,90,-10.0,6,60.0,260.0,20,140.0,15,120,2.5,2.0,1.0,1,1,sam3.1,0
18,full_ensemble,18,1v1-ddg.mp4,1875.16,1898.71,experiments/demo/hoop_configs/1v1-ddg.json,yolov8l.pt,640,0.3,flow,90,-10.0,6,60.0,260.0,20,140.0,15,120,2.5,2.0,1.0,1,1,sam3.1,0
19,full_ensemble,19,1v1-ddg.mp4,1941.94,1966.68,experiments/demo/hoop_configs/1v1-ddg.json,yolov8l.pt,640,0.3,flow,90,-10.0,6,60.0,260.0,20,140.0,15,120,2.5,2.0,1.0,1,1,sam3.1,0
20,full_ensemble,20,1v1-jason.mp4,264.09,292.77,experiments/demo/hoop_configs/1v1-jason.json,yolov8l.pt,640,0.3,flow,90,-10.0,6,60.0,260.0,20,140.0,15,120,2.5,2.0,1.0,1,1,sam3.1,0
21,full_ensemble,21,1v1-jason.mp4,294.86,320.64,experiments/demo/hoop_configs/1v1-jason.json,yolov8l.pt,640,0.3,flow,90,-10.0,6,60.0,260.0,20,140.0,15,120,2.5,2.0,1.0,1,1,sam3.1,0
22,full_ensemble,22,1v1-jason.mp4,335.18,364.35,experiments/demo/hoop_configs/1v1-jason.json,yolov8l.pt,640,0.3,flow,90,-10.0,6,60.0,260.0,20,140.0,15,120,2.5,2.0,1.0,1,1,sam3.1,0
23,full_ensemble,23,1v1-jason.mp4,372.96,398.23,experiments/demo/hoop_configs/1v1-jason.json,yolov8l.pt,640,0.3,flow,90,-10.0,6,60.0,260.0,20,140.0,15,120,2.5,2.0,1.0,1,1,sam3.1,0
24,full_ensemble,24,1v1-jason.mp4,546.18,571.73,experiments/demo/hoop_configs/1v1-jason.json,yolov8l.pt,640,0.3,flow,90,-10.0,6,60.0,260.0,20,140.0,15,120,2.5,2.0,1.0,1,1,sam3.1,0
25,full_ensemble,25,1v1-jason.mp4,593.46,615.39,experiments/demo/hoop_configs/1v1-jason.json,yolov8l.pt,640,0.3,flow,90,-10.0,6,60.0,260.0,20,140.0,15,120,2.5,2.0,1.0,1,1,sam3.1,0
26,full_ensemble,26,1v1-jason.mp4,642.98,664.27,experiments/demo/hoop_configs/1v1-jason.json,yolov8l.pt,640,0.3,flow,90,-10.0,6,60.0,260.0,20,140.0,15,120,2.5,2.0,1.0,1,1,sam3.1,0
27,full_ensemble,27,1v1-jason.mp4,745.16,768.9,experiments/demo/hoop_configs/1v1-jason.json,yolov8l.pt,640,0.3,flow,90,-10.0,6,60.0,260.0,20,140.0,15,120,2.5,2.0,1.0,1,1,sam3.1,0
28,full_ensemble,28,1v1-jason.mp4,866.24,889.56,experiments/demo/hoop_configs/1v1-jason.json,yolov8l.pt,640,0.3,flow,90,-10.0,6,60.0,260.0,20,140.0,15,120,2.5,2.0,1.0,1,1,sam3.1,0
29,full_ensemble,29,1v1-jason.mp4,907.45,933.01,experiments/demo/hoop_configs/1v1-jason.json,yolov8l.pt,640,0.3,flow,90,-10.0,6,60.0,260.0,20,140.0,15,120,2.5,2.0,1.0,1,1,sam3.1,0
30,full_ensemble,30,1v1-nasir.mp4,164.32,193.42,experiments/demo/hoop_configs/1v1-nasir.json,yolov8l.pt,640,0.3,flow,90,-10.0,6,60.0,260.0,20,140.0,15,120,2.5,2.0,1.0,1,1,sam3.1,0
31,full_ensemble,31,1v1-nasir.mp4,538.87,562.79,experiments/demo/hoop_configs/1v1-nasir.json,yolov8l.pt,640,0.3,flow,90,-10.0,6,60.0,260.0,20,140.0,15,120,2.5,2.0,1.0,1,1,sam3.1,0
32,full_ensemble,32,1v1-nasir.mp4,782.08,809.36,experiments/demo/hoop_configs/1v1-nasir.json,yolov8l.pt,640,0.3,flow,90,-10.0,6,60.0,260.0,20,140.0,15,120,2.5,2.0,1.0,1,1,sam3.1,0
33,full_ensemble,33,1v1-nasir.mp4,1120.08,1143.56,experiments/demo/hoop_configs/1v1-nasir.json,yolov8l.pt,640,0.3,flow,90,-10.0,6,60.0,260.0,20,140.0,15,120,2.5,2.0,1.0,1,1,sam3.1,0
34,full_ensemble,34,1v1-nasir.mp4,1379.7,1409.3,experiments/demo/hoop_configs/1v1-nasir.json,yolov8l.pt,640,0.3,flow,90,-10.0,6,60.0,260.0,20,140.0,15,120,2.5,2.0,1.0,1,1,sam3.1,0
35,full_ensemble,35,1v1-nasir.mp4,1475.73,1498.45,experiments/demo/hoop_configs/1v1-nasir.json,yolov8l.pt,640,0.3,flow,90,-10.0,6,60.0,260.0,20,140.0,15,120,2.5,2.0,1.0,1,1,sam3.1,0
36,full_ensemble,36,1v1-nasir.mp4,1586.98,1612.62,experiments/demo/hoop_configs/1v1-nasir.json,yolov8l.pt,640,0.3,flow,90,-10.0,6,60.0,260.0,20,140.0,15,120,2.5,2.0,1.0,1,1,sam3.1,0
37,full_ensemble,37,1v1-nasir.mp4,1685.75,1709.78,experiments/demo/hoop_configs/1v1-nasir.json,yolov8l.pt,640,0.3,flow,90,-10.0,6,60.0,260.0,20,140.0,15,120,2.5,2.0,1.0,1,1,sam3.1,0
38,full_ensemble,38,1v1-nasir.mp4,1734.99,1755.09,experiments/demo/hoop_configs/1v1-nasir.json,yolov8l.pt,640,0.3,flow,90,-10.0,6,60.0,260.0,20,140.0,15,120,2.5,2.0,1.0,1,1,sam3.1,0
39,full_ensemble,39,1v1-nasir.mp4,2234.95,2255.7,experiments/demo/hoop_configs/1v1-nasir.json,yolov8l.pt,640,0.3,flow,90,-10.0,6,60.0,260.0,20,140.0,15,120,2.5,2.0,1.0,1,1,sam3.1,0
40,full_ensemble,40,1v1-roy.mp4,74.54,102.65,experiments/demo/hoop_configs/1v1-roy.json,yolov8l.pt,640,0.3,flow,90,-10.0,6,60.0,260.0,20,140.0,15,120,2.5,2.0,1.0,1,1,sam3.1,0
41,full_ensemble,41,1v1-roy.mp4,104.57,133.83,experiments/demo/hoop_configs/1v1-roy.json,yolov8l.pt,640,0.3,flow,90,-10.0,6,60.0,260.0,20,140.0,15,120,2.5,2.0,1.0,1,1,sam3.1,0
42,full_ensemble,42,1v1-roy.mp4,145.84,168.36,experiments/demo/hoop_configs/1v1-roy.json,yolov8l.pt,640,0.3,flow,90,-10.0,6,60.0,260.0,20,140.0,15,120,2.5,2.0,1.0,1,1,sam3.1,0
43,full_ensemble,43,1v1-roy.mp4,189.29,210.4,experiments/demo/hoop_configs/1v1-roy.json,yolov8l.pt,640,0.3,flow,90,-10.0,6,60.0,260.0,20,140.0,15,120,2.5,2.0,1.0,1,1,sam3.1,0
44,full_ensemble,44,1v1-roy.mp4,225.27,250.59,experiments/demo/hoop_configs/1v1-roy.json,yolov8l.pt,640,0.3,flow,90,-10.0,6,60.0,260.0,20,140.0,15,120,2.5,2.0,1.0,1,1,sam3.1,0
45,full_ensemble,45,1v1-roy.mp4,321.39,347.97,experiments/demo/hoop_configs/1v1-roy.json,yolov8l.pt,640,0.3,flow,90,-10.0,6,60.0,260.0,20,140.0,15,120,2.5,2.0,1.0,1,1,sam3.1,0
46,full_ensemble,46,1v1-roy.mp4,378.97,406.22,experiments/demo/hoop_configs/1v1-roy.json,yolov8l.pt,640,0.3,flow,90,-10.0,6,60.0,260.0,20,140.0,15,120,2.5,2.0,1.0,1,1,sam3.1,0
47,full_ensemble,47,1v1-roy.mp4,413.26,441.68,experiments/demo/hoop_configs/1v1-roy.json,yolov8l.pt,640,0.3,flow,90,-10.0,6,60.0,260.0,20,140.0,15,120,2.5,2.0,1.0,1,1,sam3.1,0
48,full_ensemble,48,1v1-roy.mp4,623.65,651.36,experiments/demo/hoop_configs/1v1-roy.json,yolov8l.pt,640,0.3,flow,90,-10.0,6,60.0,260.0,20,140.0,15,120,2.5,2.0,1.0,1,1,sam3.1,0
49,full_ensemble,49,1v1-roy.mp4,679.84,707.89,experiments/demo/hoop_configs/1v1-roy.json,yolov8l.pt,640,0.3,flow,90,-10.0,6,60.0,260.0,20,140.0,15,120,2.5,2.0,1.0,1,1,sam3.1,0
