run_id,video,start,end,hoop_config,model,imgsz,confidence,tracker,possession_dist_px,upward_trigger,made_window,hoop_pad
0,1v1-mk.mov,268.37,338.09,experiments/demo/hoop_configs/1v1-mk.json,yolov8m.pt,640,0.25,bytetrack.yaml,200.0,-8.0,60,20
1,1v1-mk.mov,268.37,338.09,experiments/demo/hoop_configs/1v1-mk.json,yolov8m.pt,640,0.25,bytetrack.yaml,200.0,-12.0,45,14
2,1v1-mk.mov,268.37,338.09,experiments/demo/hoop_configs/1v1-mk.json,yolov8m.pt,640,0.25,bytetrack.yaml,200.0,-16.0,30,8
3,1v1-mk.mov,268.37,338.09,experiments/demo/hoop_configs/1v1-mk.json,yolov8m.pt,640,0.35,bytetrack.yaml,200.0,-8.0,60,20
4,1v1-mk.mov,268.37,338.09,experiments/demo/hoop_configs/1v1-mk.json,yolov8m.pt,640,0.35,bytetrack.yaml,200.0,-12.0,45,14
5,1v1-mk.mov,268.37,338.09,experiments/demo/hoop_configs/1v1-mk.json,yolov8m.pt,640,0.35,bytetrack.yaml,200.0,-16.0,30,8
6,1v1-mk.mov,268.37,338.09,experiments/demo/hoop_configs/1v1-mk.json,yolov8m.pt,1280,0.25,bytetrack.yaml,200.0,-8.0,60,20
7,1v1-mk.mov,268.37,338.09,experiments/demo/hoop_configs/1v1-mk.json,yolov8m.pt,1280,0.25,bytetrack.yaml,200.0,-12.0,45,14
8,1v1-mk.mov,268.37,338.09,experiments/demo/hoop_configs/1v1-mk.json,yolov8m.pt,1280,0.25,bytetrack.yaml,200.0,-16.0,30,8
9,1v1-mk.mov,268.37,338.09,experiments/demo/hoop_configs/1v1-mk.json,yolov8m.pt,1280,0.35,bytetrack.yaml,200.0,-8.0,60,20
10,1v1-mk.mov,268.37,338.09,experiments/demo/hoop_configs/1v1-mk.json,yolov8m.pt,1280,0.35,bytetrack.yaml,200.0,-12.0,45,14
11,1v1-mk.mov,268.37,338.09,experiments/demo/hoop_configs/1v1-mk.json,yolov8m.pt,1280,0.35,bytetrack.yaml,200.0,-16.0,30,8
12,1v1-mk.mov,268.37,338.09,experiments/demo/hoop_configs/1v1-mk.json,yolov8l.pt,640,0.25,bytetrack.yaml,200.0,-8.0,60,20
13,1v1-mk.mov,268.37,338.09,experiments/demo/hoop_configs/1v1-mk.json,yolov8l.pt,640,0.25,bytetrack.yaml,200.0,-12.0,45,14
14,1v1-mk.mov,268.37,338.09,experiments/demo/hoop_configs/1v1-mk.json,yolov8l.pt,640,0.25,bytetrack.yaml,200.0,-16.0,30,8
15,1v1-mk.mov,268.37,338.09,experiments/demo/hoop_configs/1v1-mk.json,yolov8l.pt,640,0.35,bytetrack.yaml,200.0,-8.0,60,20
16,1v1-mk.mov,268.37,338.09,experiments/demo/hoop_configs/1v1-mk.json,yolov8l.pt,640,0.35,bytetrack.yaml,200.0,-12.0,45,14
17,1v1-mk.mov,268.37,338.09,experiments/demo/hoop_configs/1v1-mk.json,yolov8l.pt,640,0.35,bytetrack.yaml,200.0,-16.0,30,8
18,1v1-mk.mov,268.37,338.09,experiments/demo/hoop_configs/1v1-mk.json,yolov8l.pt,1280,0.25,bytetrack.yaml,200.0,-8.0,60,20
19,1v1-mk.mov,268.37,338.09,experiments/demo/hoop_configs/1v1-mk.json,yolov8l.pt,1280,0.25,bytetrack.yaml,200.0,-12.0,45,14
20,1v1-mk.mov,268.37,338.09,experiments/demo/hoop_configs/1v1-mk.json,yolov8l.pt,1280,0.25,bytetrack.yaml,200.0,-16.0,30,8
21,1v1-mk.mov,268.37,338.09,experiments/demo/hoop_configs/1v1-mk.json,yolov8l.pt,1280,0.35,bytetrack.yaml,200.0,-8.0,60,20
22,1v1-mk.mov,268.37,338.09,experiments/demo/hoop_configs/1v1-mk.json,yolov8l.pt,1280,0.35,bytetrack.yaml,200.0,-12.0,45,14
23,1v1-mk.mov,268.37,338.09,experiments/demo/hoop_configs/1v1-mk.json,yolov8l.pt,1280,0.35,bytetrack.yaml,200.0,-16.0,30,8
24,1v1-mk.mov,268.37,338.09,experiments/demo/hoop_configs/1v1-mk.json,yolov8x.pt,640,0.25,bytetrack.yaml,200.0,-8.0,60,20
25,1v1-mk.mov,268.37,338.09,experiments/demo/hoop_configs/1v1-mk.json,yolov8x.pt,640,0.25,bytetrack.yaml,200.0,-12.0,45,14
26,1v1-mk.mov,268.37,338.09,experiments/demo/hoop_configs/1v1-mk.json,yolov8x.pt,640,0.25,bytetrack.yaml,200.0,-16.0,30,8
27,1v1-mk.mov,268.37,338.09,experiments/demo/hoop_configs/1v1-mk.json,yolov8x.pt,640,0.35,bytetrack.yaml,200.0,-8.0,60,20
28,1v1-mk.mov,268.37,338.09,experiments/demo/hoop_configs/1v1-mk.json,yolov8x.pt,640,0.35,bytetrack.yaml,200.0,-12.0,45,14
29,1v1-mk.mov,268.37,338.09,experiments/demo/hoop_configs/1v1-mk.json,yolov8x.pt,640,0.35,bytetrack.yaml,200.0,-16.0,30,8
30,1v1-mk.mov,268.37,338.09,experiments/demo/hoop_configs/1v1-mk.json,yolov8x.pt,1280,0.25,bytetrack.yaml,200.0,-8.0,60,20
31,1v1-mk.mov,268.37,338.09,experiments/demo/hoop_configs/1v1-mk.json,yolov8x.pt,1280,0.25,bytetrack.yaml,200.0,-12.0,45,14
32,1v1-mk.mov,268.37,338.09,experiments/demo/hoop_configs/1v1-mk.json,yolov8x.pt,1280,0.25,bytetrack.yaml,200.0,-16.0,30,8
33,1v1-mk.mov,268.37,338.09,experiments/demo/hoop_configs/1v1-mk.json,yolov8x.pt,1280,0.35,bytetrack.yaml,200.0,-8.0,60,20
34,1v1-mk.mov,268.37,338.09,experiments/demo/hoop_configs/1v1-mk.json,yolov8x.pt,1280,0.35,bytetrack.yaml,200.0,-12.0,45,14
35,1v1-mk.mov,268.37,338.09,experiments/demo/hoop_configs/1v1-mk.json,yolov8x.pt,1280,0.35,bytetrack.yaml,200.0,-16.0,30,8
36,1v1-mk.mov,374.81,450.89,experiments/demo/hoop_configs/1v1-mk.json,yolov8m.pt,640,0.25,bytetrack.yaml,200.0,-8.0,60,20
37,1v1-mk.mov,374.81,450.89,experiments/demo/hoop_configs/1v1-mk.json,yolov8m.pt,640,0.25,bytetrack.yaml,200.0,-12.0,45,14
38,1v1-mk.mov,374.81,450.89,experiments/demo/hoop_configs/1v1-mk.json,yolov8m.pt,640,0.25,bytetrack.yaml,200.0,-16.0,30,8
39,1v1-mk.mov,374.81,450.89,experiments/demo/hoop_configs/1v1-mk.json,yolov8m.pt,640,0.35,bytetrack.yaml,200.0,-8.0,60,20
40,1v1-mk.mov,374.81,450.89,experiments/demo/hoop_configs/1v1-mk.json,yolov8m.pt,640,0.35,bytetrack.yaml,200.0,-12.0,45,14
41,1v1-mk.mov,374.81,450.89,experiments/demo/hoop_configs/1v1-mk.json,yolov8m.pt,640,0.35,bytetrack.yaml,200.0,-16.0,30,8
42,1v1-mk.mov,374.81,450.89,experiments/demo/hoop_configs/1v1-mk.json,yolov8m.pt,1280,0.25,bytetrack.yaml,200.0,-8.0,60,20
43,1v1-mk.mov,374.81,450.89,experiments/demo/hoop_configs/1v1-mk.json,yolov8m.pt,1280,0.25,bytetrack.yaml,200.0,-12.0,45,14
44,1v1-mk.mov,374.81,450.89,experiments/demo/hoop_configs/1v1-mk.json,yolov8m.pt,1280,0.25,bytetrack.yaml,200.0,-16.0,30,8
45,1v1-mk.mov,374.81,450.89,experiments/demo/hoop_configs/1v1-mk.json,yolov8m.pt,1280,0.35,bytetrack.yaml,200.0,-8.0,60,20
46,1v1-mk.mov,374.81,450.89,experiments/demo/hoop_configs/1v1-mk.json,yolov8m.pt,1280,0.35,bytetrack.yaml,200.0,-12.0,45,14
47,1v1-mk.mov,374.81,450.89,experiments/demo/hoop_configs/1v1-mk.json,yolov8m.pt,1280,0.35,bytetrack.yaml,200.0,-16.0,30,8
48,1v1-mk.mov,374.81,450.89,experiments/demo/hoop_configs/1v1-mk.json,yolov8l.pt,640,0.25,bytetrack.yaml,200.0,-8.0,60,20
49,1v1-mk.mov,374.81,450.89,experiments/demo/hoop_configs/1v1-mk.json,yolov8l.pt,640,0.25,bytetrack.yaml,200.0,-12.0,45,14
50,1v1-mk.mov,374.81,450.89,experiments/demo/hoop_configs/1v1-mk.json,yolov8l.pt,640,0.25,bytetrack.yaml,200.0,-16.0,30,8
51,1v1-mk.mov,374.81,450.89,experiments/demo/hoop_configs/1v1-mk.json,yolov8l.pt,640,0.35,bytetrack.yaml,200.0,-8.0,60,20
52,1v1-mk.mov,374.81,450.89,experiments/demo/hoop_configs/1v1-mk.json,yolov8l.pt,640,0.35,bytetrack.yaml,200.0,-12.0,45,14
53,1v1-mk.mov,374.81,450.89,experiments/demo/hoop_configs/1v1-mk.json,yolov8l.pt,640,0.35,bytetrack.yaml,200.0,-16.0,30,8
54,1v1-mk.mov,374.81,450.89,experiments/demo/hoop_configs/1v1-mk.json,yolov8l.pt,1280,0.25,bytetrack.yaml,200.0,-8.0,60,20
55,1v1-mk.mov,374.81,450.89,experiments/demo/hoop_configs/1v1-mk.json,yolov8l.pt,1280,0.25,bytetrack.yaml,200.0,-12.0,45,14
56,1v1-mk.mov,374.81,450.89,experiments/demo/hoop_configs/1v1-mk.json,yolov8l.pt,1280,0.25,bytetrack.yaml,200.0,-16.0,30,8
57,1v1-mk.mov,374.81,450.89,experiments/demo/hoop_configs/1v1-mk.json,yolov8l.pt,1280,0.35,bytetrack.yaml,200.0,-8.0,60,20
58,1v1-mk.mov,374.81,450.89,experiments/demo/hoop_configs/1v1-mk.json,yolov8l.pt,1280,0.35,bytetrack.yaml,200.0,-12.0,45,14
59,1v1-mk.mov,374.81,450.89,experiments/demo/hoop_configs/1v1-mk.json,yolov8l.pt,1280,0.35,bytetrack.yaml,200.0,-16.0,30,8
60,1v1-mk.mov,374.81,450.89,experiments/demo/hoop_configs/1v1-mk.json,yolov8x.pt,640,0.25,bytetrack.yaml,200.0,-8.0,60,20
61,1v1-mk.mov,374.81,450.89,experiments/demo/hoop_configs/1v1-mk.json,yolov8x.pt,640,0.25,bytetrack.yaml,200.0,-12.0,45,14
62,1v1-mk.mov,374.81,450.89,experiments/demo/hoop_configs/1v1-mk.json,yolov8x.pt,640,0.25,bytetrack.yaml,200.0,-16.0,30,8
63,1v1-mk.mov,374.81,450.89,experiments/demo/hoop_configs/1v1-mk.json,yolov8x.pt,640,0.35,bytetrack.yaml,200.0,-8.0,60,20
64,1v1-mk.mov,374.81,450.89,experiments/demo/hoop_configs/1v1-mk.json,yolov8x.pt,640,0.35,bytetrack.yaml,200.0,-12.0,45,14
65,1v1-mk.mov,374.81,450.89,experiments/demo/hoop_configs/1v1-mk.json,yolov8x.pt,640,0.35,bytetrack.yaml,200.0,-16.0,30,8
66,1v1-mk.mov,374.81,450.89,experiments/demo/hoop_configs/1v1-mk.json,yolov8x.pt,1280,0.25,bytetrack.yaml,200.0,-8.0,60,20
67,1v1-mk.mov,374.81,450.89,experiments/demo/hoop_configs/1v1-mk.json,yolov8x.pt,1280,0.25,bytetrack.yaml,200.0,-12.0,45,14
68,1v1-mk.mov,374.81,450.89,experiments/demo/hoop_configs/1v1-mk.json,yolov8x.pt,1280,0.25,bytetrack.yaml,200.0,-16.0,30,8
69,1v1-mk.mov,374.81,450.89,experiments/demo/hoop_configs/1v1-mk.json,yolov8x.pt,1280,0.35,bytetrack.yaml,200.0,-8.0,60,20
70,1v1-mk.mov,374.81,450.89,experiments/demo/hoop_configs/1v1-mk.json,yolov8x.pt,1280,0.35,bytetrack.yaml,200.0,-12.0,45,14
71,1v1-mk.mov,374.81,450.89,experiments/demo/hoop_configs/1v1-mk.json,yolov8x.pt,1280,0.35,bytetrack.yaml,200.0,-16.0,30,8
72,1v1-mk.mov,452.95,514.69,experiments/demo/hoop_configs/1v1-mk.json,yolov8m.pt,640,0.25,bytetrack.yaml,200.0,-8.0,60,20
73,1v1-mk.mov,452.95,514.69,experiments/demo/hoop_configs/1v1-mk.json,yolov8m.pt,640,0.25,bytetrack.yaml,200.0,-12.0,45,14
74,1v1-mk.mov,452.95,514.69,experiments/demo/hoop_configs/1v1-mk.json,yolov8m.pt,640,0.25,bytetrack.yaml,200.0,-16.0,30,8
75,1v1-mk.mov,452.95,514.69,experiments/demo/hoop_configs/1v1-mk.json,yolov8m.pt,640,0.35,bytetrack.yaml,200.0,-8.0,60,20
76,1v1-mk.mov,452.95,514.69,experiments/demo/hoop_configs/1v1-mk.json,yolov8m.pt,640,0.35,bytetrack.yaml,200.0,-12.0,45,14
77,1v1-mk.mov,452.95,514.69,experiments/demo/hoop_configs/1v1-mk.json,yolov8m.pt,640,0.35,bytetrack.yaml,200.0,-16.0,30,8
78,1v1-mk.mov,452.95,514.69,experiments/demo/hoop_configs/1v1-mk.json,yolov8m.pt,1280,0.25,bytetrack.yaml,200.0,-8.0,60,20
79,1v1-mk.mov,452.95,514.69,experiments/demo/hoop_configs/1v1-mk.json,yolov8m.pt,1280,0.25,bytetrack.yaml,200.0,-12.0,45,14
80,1v1-mk.mov,452.95,514.69,experiments/demo/hoop_configs/1v1-mk.json,yolov8m.pt,1280,0.25,bytetrack.yaml,200.0,-16.0,30,8
81,1v1-mk.mov,452.95,514.69,experiments/demo/hoop_configs/1v1-mk.json,yolov8m.pt,1280,0.35,bytetrack.yaml,200.0,-8.0,60,20
82,1v1-mk.mov,452.95,514.69,experiments/demo/hoop_configs/1v1-mk.json,yolov8m.pt,1280,0.35,bytetrack.yaml,200.0,-12.0,45,14
83,1v1-mk.mov,452.95,514.69,experiments/demo/hoop_configs/1v1-mk.json,yolov8m.pt,1280,0.35,bytetrack.yaml,200.0,-16.0,30,8
84,1v1-mk.mov,452.95,514.69,experiments/demo/hoop_configs/1v1-mk.json,yolov8l.pt,640,0.25,bytetrack.yaml,200.0,-8.0,60,20
85,1v1-mk.mov,452.95,514.69,experiments/demo/hoop_configs/1v1-mk.json,yolov8l.pt,640,0.25,bytetrack.yaml,200.0,-12.0,45,14
86,1v1-mk.mov,452.95,514.69,experiments/demo/hoop_configs/1v1-mk.json,yolov8l.pt,640,0.25,bytetrack.yaml,200.0,-16.0,30,8
87,1v1-mk.mov,452.95,514.69,experiments/demo/hoop_configs/1v1-mk.json,yolov8l.pt,640,0.35,bytetrack.yaml,200.0,-8.0,60,20
88,1v1-mk.mov,452.95,514.69,experiments/demo/hoop_configs/1v1-mk.json,yolov8l.pt,640,0.35,bytetrack.yaml,200.0,-12.0,45,14
89,1v1-mk.mov,452.95,514.69,experiments/demo/hoop_configs/1v1-mk.json,yolov8l.pt,640,0.35,bytetrack.yaml,200.0,-16.0,30,8
90,1v1-mk.mov,452.95,514.69,experiments/demo/hoop_configs/1v1-mk.json,yolov8l.pt,1280,0.25,bytetrack.yaml,200.0,-8.0,60,20
91,1v1-mk.mov,452.95,514.69,experiments/demo/hoop_configs/1v1-mk.json,yolov8l.pt,1280,0.25,bytetrack.yaml,200.0,-12.0,45,14
92,1v1-mk.mov,452.95,514.69,experiments/demo/hoop_configs/1v1-mk.json,yolov8l.pt,1280,0.25,bytetrack.yaml,200.0,-16.0,30,8
93,1v1-mk.mov,452.95,514.69,experiments/demo/hoop_configs/1v1-mk.json,yolov8l.pt,1280,0.35,bytetrack.yaml,200.0,-8.0,60,20
94,1v1-mk.mov,452.95,514.69,experiments/demo/hoop_configs/1v1-mk.json,yolov8l.pt,1280,0.35,bytetrack.yaml,200.0,-12.0,45,14
95,1v1-mk.mov,452.95,514.69,experiments/demo/hoop_configs/1v1-mk.json,yolov8l.pt,1280,0.35,bytetrack.yaml,200.0,-16.0,30,8
96,1v1-mk.mov,452.95,514.69,experiments/demo/hoop_configs/1v1-mk.json,yolov8x.pt,640,0.25,bytetrack.yaml,200.0,-8.0,60,20
97,1v1-mk.mov,452.95,514.69,experiments/demo/hoop_configs/1v1-mk.json,yolov8x.pt,640,0.25,bytetrack.yaml,200.0,-12.0,45,14
98,1v1-mk.mov,452.95,514.69,experiments/demo/hoop_configs/1v1-mk.json,yolov8x.pt,640,0.25,bytetrack.yaml,200.0,-16.0,30,8
99,1v1-mk.mov,452.95,514.69,experiments/demo/hoop_configs/1v1-mk.json,yolov8x.pt,640,0.35,bytetrack.yaml,200.0,-8.0,60,20
100,1v1-mk.mov,452.95,514.69,experiments/demo/hoop_configs/1v1-mk.json,yolov8x.pt,640,0.35,bytetrack.yaml,200.0,-12.0,45,14
101,1v1-mk.mov,452.95,514.69,experiments/demo/hoop_configs/1v1-mk.json,yolov8x.pt,640,0.35,bytetrack.yaml,200.0,-16.0,30,8
102,1v1-mk.mov,452.95,514.69,experiments/demo/hoop_configs/1v1-mk.json,yolov8x.pt,1280,0.25,bytetrack.yaml,200.0,-8.0,60,20
103,1v1-mk.mov,452.95,514.69,experiments/demo/hoop_configs/1v1-mk.json,yolov8x.pt,1280,0.25,bytetrack.yaml,200.0,-12.0,45,14
104,1v1-mk.mov,452.95,514.69,experiments/demo/hoop_configs/1v1-mk.json,yolov8x.pt,1280,0.25,bytetrack.yaml,200.0,-16.0,30,8
105,1v1-mk.mov,452.95,514.69,experiments/demo/hoop_configs/1v1-mk.json,yolov8x.pt,1280,0.35,bytetrack.yaml,200.0,-8.0,60,20
106,1v1-mk.mov,452.95,514.69,experiments/demo/hoop_configs/1v1-mk.json,yolov8x.pt,1280,0.35,bytetrack.yaml,200.0,-12.0,45,14
107,1v1-mk.mov,452.95,514.69,experiments/demo/hoop_configs/1v1-mk.json,yolov8x.pt,1280,0.35,bytetrack.yaml,200.0,-16.0,30,8
108,1v1-ddg.mp4,522.88,584.97,experiments/demo/hoop_configs/1v1-ddg.json,yolov8m.pt,640,0.25,bytetrack.yaml,200.0,-8.0,60,20
109,1v1-ddg.mp4,522.88,584.97,experiments/demo/hoop_configs/1v1-ddg.json,yolov8m.pt,640,0.25,bytetrack.yaml,200.0,-12.0,45,14
110,1v1-ddg.mp4,522.88,584.97,experiments/demo/hoop_configs/1v1-ddg.json,yolov8m.pt,640,0.25,bytetrack.yaml,200.0,-16.0,30,8
111,1v1-ddg.mp4,522.88,584.97,experiments/demo/hoop_configs/1v1-ddg.json,yolov8m.pt,640,0.35,bytetrack.yaml,200.0,-8.0,60,20
112,1v1-ddg.mp4,522.88,584.97,experiments/demo/hoop_configs/1v1-ddg.json,yolov8m.pt,640,0.35,bytetrack.yaml,200.0,-12.0,45,14
113,1v1-ddg.mp4,522.88,584.97,experiments/demo/hoop_configs/1v1-ddg.json,yolov8m.pt,640,0.35,bytetrack.yaml,200.0,-16.0,30,8
114,1v1-ddg.mp4,522.88,584.97,experiments/demo/hoop_configs/1v1-ddg.json,yolov8m.pt,1280,0.25,bytetrack.yaml,200.0,-8.0,60,20
115,1v1-ddg.mp4,522.88,584.97,experiments/demo/hoop_configs/1v1-ddg.json,yolov8m.pt,1280,0.25,bytetrack.yaml,200.0,-12.0,45,14
116,1v1-ddg.mp4,522.88,584.97,experiments/demo/hoop_configs/1v1-ddg.json,yolov8m.pt,1280,0.25,bytetrack.yaml,200.0,-16.0,30,8
117,1v1-ddg.mp4,522.88,584.97,experiments/demo/hoop_configs/1v1-ddg.json,yolov8m.pt,1280,0.35,bytetrack.yaml,200.0,-8.0,60,20
118,1v1-ddg.mp4,522.88,584.97,experiments/demo/hoop_configs/1v1-ddg.json,yolov8m.pt,1280,0.35,bytetrack.yaml,200.0,-12.0,45,14
119,1v1-ddg.mp4,522.88,584.97,experiments/demo/hoop_configs/1v1-ddg.json,yolov8m.pt,1280,0.35,bytetrack.yaml,200.0,-16.0,30,8
120,1v1-ddg.mp4,522.88,584.97,experiments/demo/hoop_configs/1v1-ddg.json,yolov8l.pt,640,0.25,bytetrack.yaml,200.0,-8.0,60,20
121,1v1-ddg.mp4,522.88,584.97,experiments/demo/hoop_configs/1v1-ddg.json,yolov8l.pt,640,0.25,bytetrack.yaml,200.0,-12.0,45,14
122,1v1-ddg.mp4,522.88,584.97,experiments/demo/hoop_configs/1v1-ddg.json,yolov8l.pt,640,0.25,bytetrack.yaml,200.0,-16.0,30,8
123,1v1-ddg.mp4,522.88,584.97,experiments/demo/hoop_configs/1v1-ddg.json,yolov8l.pt,640,0.35,bytetrack.yaml,200.0,-8.0,60,20
124,1v1-ddg.mp4,522.88,584.97,experiments/demo/hoop_configs/1v1-ddg.json,yolov8l.pt,640,0.35,bytetrack.yaml,200.0,-12.0,45,14
125,1v1-ddg.mp4,522.88,584.97,experiments/demo/hoop_configs/1v1-ddg.json,yolov8l.pt,640,0.35,bytetrack.yaml,200.0,-16.0,30,8
126,1v1-ddg.mp4,522.88,584.97,experiments/demo/hoop_configs/1v1-ddg.json,yolov8l.pt,1280,0.25,bytetrack.yaml,200.0,-8.0,60,20
127,1v1-ddg.mp4,522.88,584.97,experiments/demo/hoop_configs/1v1-ddg.json,yolov8l.pt,1280,0.25,bytetrack.yaml,200.0,-12.0,45,14
128,1v1-ddg.mp4,522.88,584.97,experiments/demo/hoop_configs/1v1-ddg.json,yolov8l.pt,1280,0.25,bytetrack.yaml,200.0,-16.0,30,8
129,1v1-ddg.mp4,522.88,584.97,experiments/demo/hoop_configs/1v1-ddg.json,yolov8l.pt,1280,0.35,bytetrack.yaml,200.0,-8.0,60,20
130,1v1-ddg.mp4,522.88,584.97,experiments/demo/hoop_configs/1v1-ddg.json,yolov8l.pt,1280,0.35,bytetrack.yaml,200.0,-12.0,45,14
131,1v1-ddg.mp4,522.88,584.97,experiments/demo/hoop_configs/1v1-ddg.json,yolov8l.pt,1280,0.35,bytetrack.yaml,200.0,-16.0,30,8
132,1v1-ddg.mp4,522.88,584.97,experiments/demo/hoop_configs/1v1-ddg.json,yolov8x.pt,640,0.25,bytetrack.yaml,200.0,-8.0,60,20
133,1v1-ddg.mp4,522.88,584.97,experiments/demo/hoop_configs/1v1-ddg.json,yolov8x.pt,640,0.25,bytetrack.yaml,200.0,-12.0,45,14
134,1v1-ddg.mp4,522.88,584.97,experiments/demo/hoop_configs/1v1-ddg.json,yolov8x.pt,640,0.25,bytetrack.yaml,200.0,-16.0,30,8
135,1v1-ddg.mp4,522.88,584.97,experiments/demo/hoop_configs/1v1-ddg.json,yolov8x.pt,640,0.35,bytetrack.yaml,200.0,-8.0,60,20
136,1v1-ddg.mp4,522.88,584.97,experiments/demo/hoop_configs/1v1-ddg.json,yolov8x.pt,640,0.35,bytetrack.yaml,200.0,-12.0,45,14
137,1v1-ddg.mp4,522.88,584.97,experiments/demo/hoop_configs/1v1-ddg.json,yolov8x.pt,640,0.35,bytetrack.yaml,200.0,-16.0,30,8
138,1v1-ddg.mp4,522.88,584.97,experiments/demo/hoop_configs/1v1-ddg.json,yolov8x.pt,1280,0.25,bytetrack.yaml,200.0,-8.0,60,20
139,1v1-ddg.mp4,522.88,584.97,experiments/demo/hoop_configs/1v1-ddg.json,yolov8x.pt,1280,0.25,bytetrack.yaml,200.0,-12.0,45,14
140,1v1-ddg.mp4,522.88,584.97,experiments/demo/hoop_configs/1v1-ddg.json,yolov8x.pt,1280,0.25,bytetrack.yaml,200.0,-16.0,30,8
141,1v1-ddg.mp4,522.88,584.97,experiments/demo/hoop_configs/1v1-ddg.json,yolov8x.pt,1280,0.35,bytetrack.yaml,200.0,-8.0,60,20
142,1v1-ddg.mp4,522.88,584.97,experiments/demo/hoop_configs/1v1-ddg.json,yolov8x.pt,1280,0.35,bytetrack.yaml,200.0,-12.0,45,14
143,1v1-ddg.mp4,522.88,584.97,experiments/demo/hoop_configs/1v1-ddg.json,yolov8x.pt,1280,0.35,bytetrack.yaml,200.0,-16.0,30,8
144,1v1-ddg.mp4,929.42,990.54,experiments/demo/hoop_configs/1v1-ddg.json,yolov8m.pt,640,0.25,bytetrack.yaml,200.0,-8.0,60,20
145,1v1-ddg.mp4,929.42,990.54,experiments/demo/hoop_configs/1v1-ddg.json,yolov8m.pt,640,0.25,bytetrack.yaml,200.0,-12.0,45,14
146,1v1-ddg.mp4,929.42,990.54,experiments/demo/hoop_configs/1v1-ddg.json,yolov8m.pt,640,0.25,bytetrack.yaml,200.0,-16.0,30,8
147,1v1-ddg.mp4,929.42,990.54,experiments/demo/hoop_configs/1v1-ddg.json,yolov8m.pt,640,0.35,bytetrack.yaml,200.0,-8.0,60,20
148,1v1-ddg.mp4,929.42,990.54,experiments/demo/hoop_configs/1v1-ddg.json,yolov8m.pt,640,0.35,bytetrack.yaml,200.0,-12.0,45,14
149,1v1-ddg.mp4,929.42,990.54,experiments/demo/hoop_configs/1v1-ddg.json,yolov8m.pt,640,0.35,bytetrack.yaml,200.0,-16.0,30,8
150,1v1-ddg.mp4,929.42,990.54,experiments/demo/hoop_configs/1v1-ddg.json,yolov8m.pt,1280,0.25,bytetrack.yaml,200.0,-8.0,60,20
151,1v1-ddg.mp4,929.42,990.54,experiments/demo/hoop_configs/1v1-ddg.json,yolov8m.pt,1280,0.25,bytetrack.yaml,200.0,-12.0,45,14
152,1v1-ddg.mp4,929.42,990.54,experiments/demo/hoop_configs/1v1-ddg.json,yolov8m.pt,1280,0.25,bytetrack.yaml,200.0,-16.0,30,8
153,1v1-ddg.mp4,929.42,990.54,experiments/demo/hoop_configs/1v1-ddg.json,yolov8m.pt,1280,0.35,bytetrack.yaml,200.0,-8.0,60,20
154,1v1-ddg.mp4,929.42,990.54,experiments/demo/hoop_configs/1v1-ddg.json,yolov8m.pt,1280,0.35,bytetrack.yaml,200.0,-12.0,45,14
155,1v1-ddg.mp4,929.42,990.54,experiments/demo/hoop_configs/1v1-ddg.json,yolov8m.pt,1280,0.35,bytetrack.yaml,200.0,-16.0,30,8
156,1v1-ddg.mp4,929.42,990.54,experiments/demo/hoop_configs/1v1-ddg.json,yolov8l.pt,640,0.25,bytetrack.yaml,200.0,-8.0,60,20
157,1v1-ddg.mp4,929.42,990.54,experiments/demo/hoop_configs/1v1-ddg.json,yolov8l.pt,640,0.25,bytetrack.yaml,200.0,-12.0,45,14
158,1v1-ddg.mp4,929.42,990.54,experiments/demo/hoop_configs/1v1-ddg.json,yolov8l.pt,640,0.25,bytetrack.yaml,200.0,-16.0,30,8
159,1v1-ddg.mp4,929.42,990.54,experiments/demo/hoop_configs/1v1-ddg.json,yolov8l.pt,640,0.35,bytetrack.yaml,200.0,-8.0,60,20
160,1v1-ddg.mp4,929.42,990.54,experiments/demo/hoop_configs/1v1-ddg.json,yolov8l.pt,640,0.35,bytetrack.yaml,200.0,-12.0,45,14
161,1v1-ddg.mp4,929.42,990.54,experiments/demo/hoop_configs/1v1-ddg.json,yolov8l.pt,640,0.35,bytetrack.yaml,200.0,-16.0,30,8
162,1v1-ddg.mp4,929.42,990.54,experiments/demo/hoop_configs/1v1-ddg.json,yolov8l.pt,1280,0.25,bytetrack.yaml,200.0,-8.0,60,20
163,1v1-ddg.mp4,929.42,990.54,experiments/demo/hoop_configs/1v1-ddg.json,yolov8l.pt,1280,0.25,bytetrack.yaml,200.0,-12.0,45,14
164,1v1-ddg.mp4,929.42,990.54,experiments/demo/hoop_configs/1v1-ddg.json,yolov8l.pt,1280,0.25,bytetrack.yaml,200.0,-16.0,30,8
165,1v1-ddg.mp4,929.42,990.54,experiments/demo/hoop_configs/1v1-ddg.json,yolov8l.pt,1280,0.35,bytetrack.yaml,200.0,-8.0,60,20
166,1v1-ddg.mp4,929.42,990.54,experiments/demo/hoop_configs/1v1-ddg.json,yolov8l.pt,1280,0.35,bytetrack.yaml,200.0,-12.0,45,14
167,1v1-ddg.mp4,929.42,990.54,experiments/demo/hoop_configs/1v1-ddg.json,yolov8l.pt,1280,0.35,bytetrack.yaml,200.0,-16.0,30,8
168,1v1-ddg.mp4,929.42,990.54,experiments/demo/hoop_configs/1v1-ddg.json,yolov8x.pt,640,0.25,bytetrack.yaml,200.0,-8.0,60,20
169,1v1-ddg.mp4,929.42,990.54,experiments/demo/hoop_configs/1v1-ddg.json,yolov8x.pt,640,0.25,bytetrack.yaml,200.0,-12.0,45,14
170,1v1-ddg.mp4,929.42,990.54,experiments/demo/hoop_configs/1v1-ddg.json,yolov8x.pt,640,0.25,bytetrack.yaml,200.0,-16.0,30,8
171,1v1-ddg.mp4,929.42,990.54,experiments/demo/hoop_configs/1v1-ddg.json,yolov8x.pt,640,0.35,bytetrack.yaml,200.0,-8.0,60,20
172,1v1-ddg.mp4,929.42,990.54,experiments/demo/hoop_configs/1v1-ddg.json,yolov8x.pt,640,0.35,bytetrack.yaml,200.0,-12.0,45,14
173,1v1-ddg.mp4,929.42,990.54,experiments/demo/hoop_configs/1v1-ddg.json,yolov8x.pt,640,0.35,bytetrack.yaml,200.0,-16.0,30,8
174,1v1-ddg.mp4,929.42,990.54,experiments/demo/hoop_configs/1v1-ddg.json,yolov8x.pt,1280,0.25,bytetrack.yaml,200.0,-8.0,60,20
175,1v1-ddg.mp4,929.42,990.54,experiments/demo/hoop_configs/1v1-ddg.json,yolov8x.pt,1280,0.25,bytetrack.yaml,200.0,-12.0,45,14
176,1v1-ddg.mp4,929.42,990.54,experiments/demo/hoop_configs/1v1-ddg.json,yolov8x.pt,1280,0.25,bytetrack.yaml,200.0,-16.0,30,8
177,1v1-ddg.mp4,929.42,990.54,experiments/demo/hoop_configs/1v1-ddg.json,yolov8x.pt,1280,0.35,bytetrack.yaml,200.0,-8.0,60,20
178,1v1-ddg.mp4,929.42,990.54,experiments/demo/hoop_configs/1v1-ddg.json,yolov8x.pt,1280,0.35,bytetrack.yaml,200.0,-12.0,45,14
179,1v1-ddg.mp4,929.42,990.54,experiments/demo/hoop_configs/1v1-ddg.json,yolov8x.pt,1280,0.35,bytetrack.yaml,200.0,-16.0,30,8
180,1v1-ddg.mp4,1385.86,1458.59,experiments/demo/hoop_configs/1v1-ddg.json,yolov8m.pt,640,0.25,bytetrack.yaml,200.0,-8.0,60,20
181,1v1-ddg.mp4,1385.86,1458.59,experiments/demo/hoop_configs/1v1-ddg.json,yolov8m.pt,640,0.25,bytetrack.yaml,200.0,-12.0,45,14
182,1v1-ddg.mp4,1385.86,1458.59,experiments/demo/hoop_configs/1v1-ddg.json,yolov8m.pt,640,0.25,bytetrack.yaml,200.0,-16.0,30,8
183,1v1-ddg.mp4,1385.86,1458.59,experiments/demo/hoop_configs/1v1-ddg.json,yolov8m.pt,640,0.35,bytetrack.yaml,200.0,-8.0,60,20
184,1v1-ddg.mp4,1385.86,1458.59,experiments/demo/hoop_configs/1v1-ddg.json,yolov8m.pt,640,0.35,bytetrack.yaml,200.0,-12.0,45,14
185,1v1-ddg.mp4,1385.86,1458.59,experiments/demo/hoop_configs/1v1-ddg.json,yolov8m.pt,640,0.35,bytetrack.yaml,200.0,-16.0,30,8
186,1v1-ddg.mp4,1385.86,1458.59,experiments/demo/hoop_configs/1v1-ddg.json,yolov8m.pt,1280,0.25,bytetrack.yaml,200.0,-8.0,60,20
187,1v1-ddg.mp4,1385.86,1458.59,experiments/demo/hoop_configs/1v1-ddg.json,yolov8m.pt,1280,0.25,bytetrack.yaml,200.0,-12.0,45,14
188,1v1-ddg.mp4,1385.86,1458.59,experiments/demo/hoop_configs/1v1-ddg.json,yolov8m.pt,1280,0.25,bytetrack.yaml,200.0,-16.0,30,8
189,1v1-ddg.mp4,1385.86,1458.59,experiments/demo/hoop_configs/1v1-ddg.json,yolov8m.pt,1280,0.35,bytetrack.yaml,200.0,-8.0,60,20
190,1v1-ddg.mp4,1385.86,1458.59,experiments/demo/hoop_configs/1v1-ddg.json,yolov8m.pt,1280,0.35,bytetrack.yaml,200.0,-12.0,45,14
191,1v1-ddg.mp4,1385.86,1458.59,experiments/demo/hoop_configs/1v1-ddg.json,yolov8m.pt,1280,0.35,bytetrack.yaml,200.0,-16.0,30,8
192,1v1-ddg.mp4,1385.86,1458.59,experiments/demo/hoop_configs/1v1-ddg.json,yolov8l.pt,640,0.25,bytetrack.yaml,200.0,-8.0,60,20
193,1v1-ddg.mp4,1385.86,1458.59,experiments/demo/hoop_configs/1v1-ddg.json,yolov8l.pt,640,0.25,bytetrack.yaml,200.0,-12.0,45,14
194,1v1-ddg.mp4,1385.86,1458.59,experiments/demo/hoop_configs/1v1-ddg.json,yolov8l.pt,640,0.25,bytetrack.yaml,200.0,-16.0,30,8
195,1v1-ddg.mp4,1385.86,1458.59,experiments/demo/hoop_configs/1v1-ddg.json,yolov8l.pt,640,0.35,bytetrack.yaml,200.0,-8.0,60,20
196,1v1-ddg.mp4,1385.86,1458.59,experiments/demo/hoop_configs/1v1-ddg.json,yolov8l.pt,640,0.35,bytetrack.yaml,200.0,-12.0,45,14
197,1v1-ddg.mp4,1385.86,1458.59,experiments/demo/hoop_configs/1v1-ddg.json,yolov8l.pt,640,0.35,bytetrack.yaml,200.0,-16.0,30,8
198,1v1-ddg.mp4,1385.86,1458.59,experiments/demo/hoop_configs/1v1-ddg.json,yolov8l.pt,1280,0.25,bytetrack.yaml,200.0,-8.0,60,20
199,1v1-ddg.mp4,1385.86,1458.59,experiments/demo/hoop_configs/1v1-ddg.json,yolov8l.pt,1280,0.25,bytetrack.yaml,200.0,-12.0,45,14
200,1v1-ddg.mp4,1385.86,1458.59,experiments/demo/hoop_configs/1v1-ddg.json,yolov8l.pt,1280,0.25,bytetrack.yaml,200.0,-16.0,30,8
201,1v1-ddg.mp4,1385.86,1458.59,experiments/demo/hoop_configs/1v1-ddg.json,yolov8l.pt,1280,0.35,bytetrack.yaml,200.0,-8.0,60,20
202,1v1-ddg.mp4,1385.86,1458.59,experiments/demo/hoop_configs/1v1-ddg.json,yolov8l.pt,1280,0.35,bytetrack.yaml,200.0,-12.0,45,14
203,1v1-ddg.mp4,1385.86,1458.59,experiments/demo/hoop_configs/1v1-ddg.json,yolov8l.pt,1280,0.35,bytetrack.yaml,200.0,-16.0,30,8
204,1v1-ddg.mp4,1385.86,1458.59,experiments/demo/hoop_configs/1v1-ddg.json,yolov8x.pt,640,0.25,bytetrack.yaml,200.0,-8.0,60,20
205,1v1-ddg.mp4,1385.86,1458.59,experiments/demo/hoop_configs/1v1-ddg.json,yolov8x.pt,640,0.25,bytetrack.yaml,200.0,-12.0,45,14
206,1v1-ddg.mp4,1385.86,1458.59,experiments/demo/hoop_configs/1v1-ddg.json,yolov8x.pt,640,0.25,bytetrack.yaml,200.0,-16.0,30,8
207,1v1-ddg.mp4,1385.86,1458.59,experiments/demo/hoop_configs/1v1-ddg.json,yolov8x.pt,640,0.35,bytetrack.yaml,200.0,-8.0,60,20
208,1v1-ddg.mp4,1385.86,1458.59,experiments/demo/hoop_configs/1v1-ddg.json,yolov8x.pt,640,0.35,bytetrack.yaml,200.0,-12.0,45,14
209,1v1-ddg.mp4,1385.86,1458.59,experiments/demo/hoop_configs/1v1-ddg.json,yolov8x.pt,640,0.35,bytetrack.yaml,200.0,-16.0,30,8
210,1v1-ddg.mp4,1385.86,1458.59,experiments/demo/hoop_configs/1v1-ddg.json,yolov8x.pt,1280,0.25,bytetrack.yaml,200.0,-8.0,60,20
211,1v1-ddg.mp4,1385.86,1458.59,experiments/demo/hoop_configs/1v1-ddg.json,yolov8x.pt,1280,0.25,bytetrack.yaml,200.0,-12.0,45,14
212,1v1-ddg.mp4,1385.86,1458.59,experiments/demo/hoop_configs/1v1-ddg.json,yolov8x.pt,1280,0.25,bytetrack.yaml,200.0,-16.0,30,8
213,1v1-ddg.mp4,1385.86,1458.59,experiments/demo/hoop_configs/1v1-ddg.json,yolov8x.pt,1280,0.35,bytetrack.yaml,200.0,-8.0,60,20
214,1v1-ddg.mp4,1385.86,1458.59,experiments/demo/hoop_configs/1v1-ddg.json,yolov8x.pt,1280,0.35,bytetrack.yaml,200.0,-12.0,45,14
215,1v1-ddg.mp4,1385.86,1458.59,experiments/demo/hoop_configs/1v1-ddg.json,yolov8x.pt,1280,0.35,bytetrack.yaml,200.0,-16.0,30,8
216,1v1-jason.mp4,327.12,390.84,experiments/demo/hoop_configs/1v1-jason.json,yolov8m.pt,640,0.25,bytetrack.yaml,200.0,-8.0,60,20
217,1v1-jason.mp4,327.12,390.84,experiments/demo/hoop_configs/1v1-jason.json,yolov8m.pt,640,0.25,bytetrack.yaml,200.0,-12.0,45,14
218,1v1-jason.mp4,327.12,390.84,experiments/demo/hoop_configs/1v1-jason.json,yolov8m.pt,640,0.25,bytetrack.yaml,200.0,-16.0,30,8
219,1v1-jason.mp4,327.12,390.84,experiments/demo/hoop_configs/1v1-jason.json,yolov8m.pt,640,0.35,bytetrack.yaml,200.0,-8.0,60,20
220,1v1-jason.mp4,327.12,390.84,experiments/demo/hoop_configs/1v1-jason.json,yolov8m.pt,640,0.35,bytetrack.yaml,200.0,-12.0,45,14
221,1v1-jason.mp4,327.12,390.84,experiments/demo/hoop_configs/1v1-jason.json,yolov8m.pt,640,0.35,bytetrack.yaml,200.0,-16.0,30,8
222,1v1-jason.mp4,327.12,390.84,experiments/demo/hoop_configs/1v1-jason.json,yolov8m.pt,1280,0.25,bytetrack.yaml,200.0,-8.0,60,20
223,1v1-jason.mp4,327.12,390.84,experiments/demo/hoop_configs/1v1-jason.json,yolov8m.pt,1280,0.25,bytetrack.yaml,200.0,-12.0,45,14
224,1v1-jason.mp4,327.12,390.84,experiments/demo/hoop_configs/1v1-jason.json,yolov8m.pt,1280,0.25,bytetrack.yaml,200.0,-16.0,30,8
225,1v1-jason.mp4,327.12,390.84,experiments/demo/hoop_configs/1v1-jason.json,yolov8m.pt,1280,0.35,bytetrack.yaml,200.0,-8.0,60,20
226,1v1-jason.mp4,327.12,390.84,experiments/demo/hoop_configs/1v1-jason.json,yolov8m.pt,1280,0.35,bytetrack.yaml,200.0,-12.0,45,14
227,1v1-jason.mp4,327.12,390.84,experiments/demo/hoop_configs/1v1-jason.json,yolov8m.pt,1280,0.35,bytetrack.yaml,200.0,-16.0,30,8
228,1v1-jason.mp4,327.12,390.84,experiments/demo/hoop_configs/1v1-jason.json,yolov8l.pt,640,0.25,bytetrack.yaml,200.0,-8.0,60,20
229,1v1-jason.mp4,327.12,390.84,experiments/demo/hoop_configs/1v1-jason.json,yolov8l.pt,640,0.25,bytetrack.yaml,200.0,-12.0,45,14
230,1v1-jason.mp4,327.12,390.84,experiments/demo/hoop_configs/1v1-jason.json,yolov8l.pt,640,0.25,bytetrack.yaml,200.0,-16.0,30,8
231,1v1-jason.mp4,327.12,390.84,experiments/demo/hoop_configs/1v1-jason.json,yolov8l.pt,640,0.35,bytetrack.yaml,200.0,-8.0,60,20
232,1v1-jason.mp4,327.12,390.84,experiments/demo/hoop_configs/1v1-jason.json,yolov8l.pt,640,0.35,bytetrack.yaml,200.0,-12.0,45,14
233,1v1-jason.mp4,327.12,390.84,experiments/demo/hoop_configs/1v1-jason.json,yolov8l.pt,640,0.35,bytetrack.yaml,200.0,-16.0,30,8
234,1v1-jason.mp4,327.12,390.84,experiments/demo/hoop_configs/1v1-jason.json,yolov8l.pt,1280,0.25,bytetrack.yaml,200.0,-8.0,60,20
235,1v1-jason.mp4,327.12,390.84,experiments/demo/hoop_configs/1v1-jason.json,yolov8l.pt,1280,0.25,bytetrack.yaml,200.0,-12.0,45,14
236,1v1-jason.mp4,327.12,390.84,experiments/demo/hoop_configs/1v1-jason.json,yolov8l.pt,1280,0.25,bytetrack.yaml,200.0,-16.0,30,8
237,1v1-jason.mp4,327.12,390.84,experiments/demo/hoop_configs/1v1-jason.json,yolov8l.pt,1280,0.35,bytetrack.yaml,200.0,-8.0,60,20
238,1v1-jason.mp4,327.12,390.84,experiments/demo/hoop_configs/1v1-jason.json,yolov8l.pt,1280,0.35,bytetrack.yaml,200.0,-12.0,45,14
239,1v1-jason.mp4,327.12,390.84,experiments/demo/hoop_configs/1v1-jason.json,yolov8l.pt,1280,0.35,bytetrack.yaml,200.0,-16.0,30,8
240,1v1-jason.mp4,327.12,390.84,experiments/demo/hoop_configs/1v1-jason.json,yolov8x.pt,640,0.25,bytetrack.yaml,200.0,-8.0,60,20
241,1v1-jason.mp4,327.12,390.84,experiments/demo/hoop_configs/1v1-jason.json,yolov8x.pt,640,0.25,bytetrack.yaml,200.0,-12.0,45,14
242,1v1-jason.mp4,327.12,390.84,experiments/demo/hoop_configs/1v1-jason.json,yolov8x.pt,640,0.25,bytetrack.yaml,200.0,-16.0,30,8
243,1v1-jason.mp4,327.12,390.84,experiments/demo/hoop_configs/1v1-jason.json,yolov8x.pt,640,0.35,bytetrack.yaml,200.0,-8.0,60,20
244,1v1-jason.mp4,327.12,390.84,experiments/demo/hoop_configs/1v1-jason.json,yolov8x.pt,640,0.35,bytetrack.yaml,200.0,-12.0,45,14
245,1v1-jason.mp4,327.12,390.84,experiments/demo/hoop_configs/1v1-jason.json,yolov8x.pt,640,0.35,bytetrack.yaml,200.0,-16.0,30,8
246,1v1-jason.mp4,327.12,390.84,experiments/demo/hoop_configs/1v1-jason.json,yolov8x.pt,1280,0.25,bytetrack.yaml,200.0,-8.0,60,20
247,1v1-jason.mp4,327.12,390.84,experiments/demo/hoop_configs/1v1-jason.json,yolov8x.pt,1280,0.25,bytetrack.yaml,200.0,-12.0,45,14
248,1v1-jason.mp4,327.12,390.84,experiments/demo/hoop_configs/1v1-jason.json,yolov8x.pt,1280,0.25,bytetrack.yaml,200.0,-16.0,30,8
249,1v1-jason.mp4,327.12,390.84,experiments/demo/hoop_configs/1v1-jason.json,yolov8x.pt,1280,0.35,bytetrack.yaml,200.0,-8.0,60,20
250,1v1-jason.mp4,327.12,390.84,experiments/demo/hoop_configs/1v1-jason.json,yolov8x.pt,1280,0.35,bytetrack.yaml,200.0,-12.0,45,14
251,1v1-jason.mp4,327.12,390.84,experiments/demo/hoop_configs/1v1-jason.json,yolov8x.pt,1280,0.35,bytetrack.yaml,200.0,-16.0,30,8
252,1v1-jason.mp4,417.05,494.36,experiments/demo/hoop_configs/1v1-jason.json,yolov8m.pt,640,0.25,bytetrack.yaml,200.0,-8.0,60,20
253,1v1-jason.mp4,417.05,494.36,experiments/demo/hoop_configs/1v1-jason.json,yolov8m.pt,640,0.25,bytetrack.yaml,200.0,-12.0,45,14
254,1v1-jason.mp4,417.05,494.36,experiments/demo/hoop_configs/1v1-jason.json,yolov8m.pt,640,0.25,bytetrack.yaml,200.0,-16.0,30,8
255,1v1-jason.mp4,417.05,494.36,experiments/demo/hoop_configs/1v1-jason.json,yolov8m.pt,640,0.35,bytetrack.yaml,200.0,-8.0,60,20
256,1v1-jason.mp4,417.05,494.36,experiments/demo/hoop_configs/1v1-jason.json,yolov8m.pt,640,0.35,bytetrack.yaml,200.0,-12.0,45,14
257,1v1-jason.mp4,417.05,494.36,experiments/demo/hoop_configs/1v1-jason.json,yolov8m.pt,640,0.35,bytetrack.yaml,200.0,-16.0,30,8
258,1v1-jason.mp4,417.05,494.36,experiments/demo/hoop_configs/1v1-jason.json,yolov8m.pt,1280,0.25,bytetrack.yaml,200.0,-8.0,60,20
259,1v1-jason.mp4,417.05,494.36,experiments/demo/hoop_configs/1v1-jason.json,yolov8m.pt,1280,0.25,bytetrack.yaml,200.0,-12.0,45,14
260,1v1-jason.mp4,417.05,494.36,experiments/demo/hoop_configs/1v1-jason.json,yolov8m.pt,1280,0.25,bytetrack.yaml,200.0,-16.0,30,8
261,1v1-jason.mp4,417.05,494.36,experiments/demo/hoop_configs/1v1-jason.json,yolov8m.pt,1280,0.35,bytetrack.yaml,200.0,-8.0,60,20
262,1v1-jason.mp4,417.05,494.36,experiments/demo/hoop_configs/1v1-jason.json,yolov8m.pt,1280,0.35,bytetrack.yaml,200.0,-12.0,45,14
263,1v1-jason.mp4,417.05,494.36,experiments/demo/hoop_configs/1v1-jason.json,yolov8m.pt,1280,0.35,bytetrack.yaml,200.0,-16.0,30,8
264,1v1-jason.mp4,417.05,494.36,experiments/demo/hoop_configs/1v1-jason.json,yolov8l.pt,640,0.25,bytetrack.yaml,200.0,-8.0,60,20
265,1v1-jason.mp4,417.05,494.36,experiments/demo/hoop_configs/1v1-jason.json,yolov8l.pt,640,0.25,bytetrack.yaml,200.0,-12.0,45,14
266,1v1-jason.mp4,417.05,494.36,experiments/demo/hoop_configs/1v1-jason.json,yolov8l.pt,640,0.25,bytetrack.yaml,200.0,-16.0,30,8
267,1v1-jason.mp4,417.05,494.36,experiments/demo/hoop_configs/1v1-jason.json,yolov8l.pt,640,0.35,bytetrack.yaml,200.0,-8.0,60,20
268,1v1-jason.mp4,417.05,494.36,experiments/demo/hoop_configs/1v1-jason.json,yolov8l.pt,640,0.35,bytetrack.yaml,200.0,-12.0,45,14
269,1v1-jason.mp4,417.05,494.36,experiments/demo/hoop_configs/1v1-jason.json,yolov8l.pt,640,0.35,bytetrack.yaml,200.0,-16.0,30,8
270,1v1-jason.mp4,417.05,494.36,experiments/demo/hoop_configs/1v1-jason.json,yolov8l.pt,1280,0.25,bytetrack.yaml,200.0,-8.0,60,20
271,1v1-jason.mp4,417.05,494.36,experiments/demo/hoop_configs/1v1-jason.json,yolov8l.pt,1280,0.25,bytetrack.yaml,200.0,-12.0,45,14
272,1v1-jason.mp4,417.05,494.36,experiments/demo/hoop_configs/1v1-jason.json,yolov8l.pt,1280,0.25,bytetrack.yaml,200.0,-16.0,30,8
273,1v1-jason.mp4,417.05,494.36,experiments/demo/hoop_configs/1v1-jason.json,yolov8l.pt,1280,0.35,bytetrack.yaml,200.0,-8.0,60,20
274,1v1-jason.mp4,417.05,494.36,experiments/demo/hoop_configs/1v1-jason.json,yolov8l.pt,1280,0.35,bytetrack.yaml,200.0,-12.0,45,14
275,1v1-jason.mp4,417.05,494.36,experiments/demo/hoop_configs/1v1-jason.json,yolov8l.pt,1280,0.35,bytetrack.yaml,200.0,-16.0,30,8
276,1v1-jason.mp4,417.05,494.36,experiments/demo/hoop_configs/1v1-jason.json,yolov8x.pt,640,0.25,bytetrack.yaml,200.0,-8.0,60,20
277,1v1-jason.mp4,417.05,494.36,experiments/demo/hoop_configs/1v1-jason.json,yolov8x.pt,640,0.25,bytetrack.yaml,200.0,-12.0,45,14
278,1v1-jason.mp4,417.05,494.36,experiments/demo/hoop_configs/1v1-jason.json,yolov8x.pt,640,0.25,bytetrack.yaml,200.0,-16.0,30,8
279,1v1-jason.mp4,417.05,494.36,experiments/demo/hoop_configs/1v1-jason.json,yolov8x.pt,640,0.35,bytetrack.yaml,200.0,-8.0,60,20
280,1v1-jason.mp4,417.05,494.36,experiments/demo/hoop_configs/1v1-jason.json,yolov8x.pt,640,0.35,bytetrack.yaml,200.0,-12.0,45,14
281,1v1-jason.mp4,417.05,494.36,experiments/demo/hoop_configs/1v1-jason.json,yolov8x.pt,640,0.35,bytetrack.yaml,200.0,-16.0,30,8
282,1v1-jason.mp4,417.05,494.36,experiments/demo/hoop_configs/1v1-jason.json,yolov8x.pt,1280,0.25,bytetrack.yaml,200.0,-8.0,60,20
283,1v1-jason.mp4,417.05,494.36,experiments/demo/hoop_configs/1v1-jason.json,yolov8x.pt,1280,0.25,bytetrack.yaml,200.0,-12.0,45,14
284,1v1-jason.mp4,417.05,494.36,experiments/demo/hoop_configs/1v1-jason.json,yolov8x.pt,1280,0.25,bytetrack.yaml,200.0,-16.0,30,8
285,1v1-jason.mp4,417.05,494.36,experiments/demo/hoop_configs/1v1-jason.json,yolov8x.pt,1280,0.35,bytetrack.yaml,200.0,-8.0,60,20
286,1v1-jason.mp4,417.05,494.36,experiments/demo/hoop_configs/1v1-jason.json,yolov8x.pt,1280,0.35,bytetrack.yaml,200.0,-12.0,45,14
287,1v1-jason.mp4,417.05,494.36,experiments/demo/hoop_configs/1v1-jason.json,yolov8x.pt,1280,0.35,bytetrack.yaml,200.0,-16.0,30,8
288,1v1-jason.mp4,710.96,789.78,experiments/demo/hoop_configs/1v1-jason.json,yolov8m.pt,640,0.25,bytetrack.yaml,200.0,-8.0,60,20
289,1v1-jason.mp4,710.96,789.78,experiments/demo/hoop_configs/1v1-jason.json,yolov8m.pt,640,0.25,bytetrack.yaml,200.0,-12.0,45,14
290,1v1-jason.mp4,710.96,789.78,experiments/demo/hoop_configs/1v1-jason.json,yolov8m.pt,640,0.25,bytetrack.yaml,200.0,-16.0,30,8
291,1v1-jason.mp4,710.96,789.78,experiments/demo/hoop_configs/1v1-jason.json,yolov8m.pt,640,0.35,bytetrack.yaml,200.0,-8.0,60,20
292,1v1-jason.mp4,710.96,789.78,experiments/demo/hoop_configs/1v1-jason.json,yolov8m.pt,640,0.35,bytetrack.yaml,200.0,-12.0,45,14
293,1v1-jason.mp4,710.96,789.78,experiments/demo/hoop_configs/1v1-jason.json,yolov8m.pt,640,0.35,bytetrack.yaml,200.0,-16.0,30,8
294,1v1-jason.mp4,710.96,789.78,experiments/demo/hoop_configs/1v1-jason.json,yolov8m.pt,1280,0.25,bytetrack.yaml,200.0,-8.0,60,20
295,1v1-jason.mp4,710.96,789.78,experiments/demo/hoop_configs/1v1-jason.json,yolov8m.pt,1280,0.25,bytetrack.yaml,200.0,-12.0,45,14
296,1v1-jason.mp4,710.96,789.78,experiments/demo/hoop_configs/1v1-jason.json,yolov8m.pt,1280,0.25,bytetrack.yaml,200.0,-16.0,30,8
297,1v1-jason.mp4,710.96,789.78,experiments/demo/hoop_configs/1v1-jason.json,yolov8m.pt,1280,0.35,bytetrack.yaml,200.0,-8.0,60,20
298,1v1-jason.mp4,710.96,789.78,experiments/demo/hoop_configs/1v1-jason.json,yolov8m.pt,1280,0.35,bytetrack.yaml,200.0,-12.0,45,14
299,1v1-jason.mp4,710.96,789.78,experiments/demo/hoop_configs/1v1-jason.json,yolov8m.pt,1280,0.35,bytetrack.yaml,200.0,-16.0,30,8
300,1v1-jason.mp4,710.96,789.78,experiments/demo/hoop_configs/1v1-jason.json,yolov8l.pt,640,0.25,bytetrack.yaml,200.0,-8.0,60,20
301,1v1-jason.mp4,710.96,789.78,experiments/demo/hoop_configs/1v1-jason.json,yolov8l.pt,640,0.25,bytetrack.yaml,200.0,-12.0,45,14
302,1v1-jason.mp4,710.96,789.78,experiments/demo/hoop_configs/1v1-jason.json,yolov8l.pt,640,0.25,bytetrack.yaml,200.0,-16.0,30,8
303,1v1-jason.mp4,710.96,789.78,experiments/demo/hoop_configs/1v1-jason.json,yolov8l.pt,640,0.35,bytetrack.yaml,200.0,-8.0,60,20
304,1v1-jason.mp4,710.96,789.78,experiments/demo/hoop_configs/1v1-jason.json,yolov8l.pt,640,0.35,bytetrack.yaml,200.0,-12.0,45,14
305,1v1-jason.mp4,710.96,789.78,experiments/demo/hoop_configs/1v1-jason.json,yolov8l.pt,640,0.35,bytetrack.yaml,200.0,-16.0,30,8
306,1v1-jason.mp4,710.96,789.78,experiments/demo/hoop_configs/1v1-jason.json,yolov8l.pt,1280,0.25,bytetrack.yaml,200.0,-8.0,60,20
307,1v1-jason.mp4,710.96,789.78,experiments/demo/hoop_configs/1v1-jason.json,yolov8l.pt,1280,0.25,bytetrack.yaml,200.0,-12.0,45,14
308,1v1-jason.mp4,710.96,789.78,experiments/demo/hoop_configs/1v1-jason.json,yolov8l.pt,1280,0.25,bytetrack.yaml,200.0,-16.0,30,8
309,1v1-jason.mp4,710.96,789.78,experiments/demo/hoop_configs/1v1-jason.json,yolov8l.pt,1280,0.35,bytetrack.yaml,200.0,-8.0,60,20
310,1v1-jason.mp4,710.96,789.78,experiments/demo/hoop_configs/1v1-jason.json,yolov8l.pt,1280,0.35,bytetrack.yaml,200.0,-12.0,45,14
311,1v1-jason.mp4,710.96,789.78,experiments/demo/hoop_configs/1v1-jason.json,yolov8l.pt,1280,0.35,bytetrack.yaml,200.0,-16.0,30,8
312,1v1-jason.mp4,710.96,789.78,experiments/demo/hoop_configs/1v1-jason.json,yolov8x.pt,640,0.25,bytetrack.yaml,200.0,-8.0,60,20
313,1v1-jason.mp4,710.96,789.78,experiments/demo/hoop_configs/1v1-jason.json,yolov8x.pt,640,0.25,bytetrack.yaml,200.0,-12.0,45,14
314,1v1-jason.mp4,710.96,789.78,experiments/demo/hoop_configs/1v1-jason.json,yolov8x.pt,640,0.25,bytetrack.yaml,200.0,-16.0,30,8
315,1v1-jason.mp4,710.96,789.78,experiments/demo/hoop_configs/1v1-jason.json,yolov8x.pt,640,0.35,bytetrack.yaml,200.0,-8.0,60,20
316,1v1-jason.mp4,710.96,789.78,experiments/demo/hoop_configs/1v1-jason.json,yolov8x.pt,640,0.35,bytetrack.yaml,200.0,-12.0,45,14
317,1v1-jason.mp4,710.96,789.78,experiments/demo/hoop_configs/1v1-jason.json,yolov8x.pt,640,0.35,bytetrack.yaml,200.0,-16.0,30,8
318,1v1-jason.mp4,710.96,789.78,experiments/demo/hoop_configs/1v1-jason.json,yolov8x.pt,1280,0.25,bytetrack.yaml,200.0,-8.0,60,20
319,1v1-jason.mp4,710.96,789.78,experiments/demo/hoop_configs/1v1-jason.json,yolov8x.pt,1280,0.25,bytetrack.yaml,200.0,-12.0,45,14
320,1v1-jason.mp4,710.96,789.78,experiments/demo/hoop_configs/1v1-jason.json,yolov8x.pt,1280,0.25,bytetrack.yaml,200.0,-16.0,30,8
321,1v1-jason.mp4,710.96,789.78,experiments/demo/hoop_configs/1v1-jason.json,yolov8x.pt,1280,0.35,bytetrack.yaml,200.0,-8.0,60,20
322,1v1-jason.mp4,710.96,789.78,experiments/demo/hoop_configs/1v1-jason.json,yolov8x.pt,1280,0.35,bytetrack.yaml,200.0,-12.0,45,14
323,1v1-jason.mp4,710.96,789.78,experiments/demo/hoop_configs/1v1-jason.json,yolov8x.pt,1280,0.35,bytetrack.yaml,200.0,-16.0,30,8
